player,player_id,position,team_name,player_game_count,accuracy_percent,aimed_passes,attempts,avg_depth_of_target,avg_time_to_throw,bats,big_time_throws,btt_rate,completion_percent,completions,declined_penalties,def_gen_pressures,drop_rate,dropbacks,drops,first_downs,franchise_id,grades_hands_fumble,grades_offense,grades_pass,grades_run,hit_as_threw,interceptions,passing_snaps,penalties,pressure_to_sack_rate,qb_rating,sack_percent,sacks,scrambles,spikes,thrown_aways,touchdowns,turnover_worthy_plays,twp_rate,yards,ypa
Nick Minicucci,173617,QB,DELAWARE,13,71.2,482,513,9.7,2.71,3,21,3.8,63.0,323,1,155,5.8,563,20,171,151,56.3,66.8,66.8,57.7,10,7,604,3,16.8,93.9,4.6,26,23,1,17,23,23,3.8,3703,7.2
Caden Veltkamp,156642,QB,FAU,12,75.3,486,512,7.6,2.45,4,23,4.2,67.4,345,0,144,5.7,555,21,169,165,56.9,73.2,73.6,54.1,5,17,589,0,15.3,88.9,4.0,22,20,0,17,23,24,4.1,3629,7.1
Sawyer Robertson,146839,QB,BAYLOR,12,67.2,481,505,9.9,2.53,10,25,4.6,60.2,304,0,140,5.9,544,19,172,118,76.4,70.3,67.2,68.4,4,12,590,1,15.0,93.2,3.9,21,16,0,10,31,21,3.6,3683,7.3
Jaylen Raynor,172203,QB,ARK STATE,13,73.5,476,503,8.5,2.71,8,17,3.1,65.8,331,0,160,5.4,575,19,181,113,61.6,74.7,68.5,75.1,5,11,615,1,19.4,88.2,5.4,31,39,2,12,19,21,3.4,3354,6.7
Darian Mensah,169984,QB,DUKE,14,76.2,463,503,9.4,2.91,7,28,5.2,66.6,335,0,179,5.1,552,18,189,154,46.4,84.1,85.0,49.2,2,6,588,4,15.6,107.9,5.1,28,21,0,31,34,21,3.6,3951,7.9
Jaron-Keawe Sagapolutele,198237,QB,CAL,13,73.7,467,495,8.8,2.61,11,28,5.4,63.6,315,0,183,8.4,547,29,173,130,53.5,78.3,79.4,47.2,2,9,577,2,16.4,88.7,5.5,30,16,3,12,18,20,3.5,3454,7.0
Malik Washington,198729,QB,MARYLAND,12,70.4,443,474,8.0,2.74,16,15,3.1,57.6,273,0,146,12.5,508,39,150,215,69.0,71.3,67.6,72.1,3,9,519,2,6.2,80.2,1.8,9,24,0,12,17,14,2.7,2963,6.3
Ty Simpson,157008,QB,ALABAMA,15,75.3,446,474,8.6,2.95,10,30,6.0,64.6,306,0,164,8.9,541,30,188,103,48.6,83.1,81.4,68.2,7,5,567,4,18.3,102.5,5.5,30,33,0,11,28,17,3.0,3561,7.5
Carson Beck,124010,QB,MIAMI FL,16,79.0,453,469,7.6,2.4,7,16,3.3,72.1,338,0,89,5.6,525,20,187,220,69.9,73.6,75.6,49.5,3,12,548,4,18.0,106.7,3.0,16,32,0,6,30,12,2.2,3813,8.1
Drew Mestemaker,190616,QB,N TEXAS,14,77.5,440,466,8.2,2.58,8,24,4.8,68.7,320,0,129,6.2,506,21,209,251,69.6,88.3,86.1,65.3,4,9,536,0,14.7,114.8,3.8,19,21,2,12,34,14,2.6,4381,9.4
Kevin Jennings,158272,QB,SMU,13,76.4,428,456,7.9,2.65,6,20,4.2,66.2,302,0,126,7.6,504,25,162,287,64.2,78.6,77.9,60.4,4,13,530,1,15.9,97.7,4.0,20,26,0,18,26,17,3.2,3648,8.0
Trinidad Chambliss,178723,QB,OLE MISS,14,75.1,414,448,8.8,2.57,15,29,6.1,65.6,294,0,111,5.5,486,17,193,226,71.0,87.8,83.7,74.9,2,3,515,3,12.6,106.9,2.9,14,24,2,15,22,13,2.5,3934,8.8
Chandler Morris,122938,QB,VIRGINIA,14,73.1,417,437,7.7,2.78,9,17,3.7,64.5,282,0,153,7.5,479,23,152,335,64.7,77.4,73.7,73.0,1,9,499,2,9.2,88.1,2.9,14,27,0,10,16,14,2.8,3000,6.9
Micah Alejado,184162,QB,HAWAII,11,77.0,404,430,9.4,2.72,5,28,6.3,66.0,284,0,135,8.7,489,27,155,180,70.2,76.6,78.6,54.2,1,9,507,2,17.0,97.0,4.7,23,35,0,20,24,13,2.6,3095,7.2
Noah Fifita,158722,QB,ARIZONA,13,75.3,396,429,10.2,3.03,8,26,5.6,64.1,275,0,160,7.7,493,23,159,109,78.1,85.1,83.3,66.9,2,6,534,1,16.3,103.6,5.3,26,35,0,23,29,10,1.9,3228,7.5
Anthony Colandrea,170131,QB,UNLV,14,74.4,394,418,10.0,2.86,5,28,6.3,65.8,275,0,158,6.1,485,18,178,325,40.8,89.9,82.7,82.7,4,9,514,2,15.8,100.7,5.2,25,38,1,14,23,15,2.9,3452,8.3
Joe Fagnano,104768,QB,UCONN,12,78.2,394,414,7.6,2.5,11,14,3.2,69.1,286,0,114,7.1,453,22,152,146,67.6,87.0,81.9,80.3,3,1,477,0,14.0,116.0,3.5,16,23,1,5,28,8,1.7,3461,8.4
Josh Hoover,127148,QB,TCU,12,73.2,399,413,8.9,2.54,3,24,5.5,65.9,272,0,102,6.8,455,20,167,305,61.9,76.8,78.9,51.0,2,13,480,3,18.6,101.2,4.2,19,19,0,9,28,21,4.4,3445,8.3
Owen McCown,157688,QB,UTSA,13,76.8,392,412,6.9,2.4,2,12,2.7,67.2,277,0,122,8.0,450,24,149,331,35.8,71.9,72.6,49.2,3,7,481,1,15.6,105.7,4.2,19,17,1,14,30,16,3.3,3001,7.3
Dante Moore,173983,QB,OREGON,15,80.3,390,412,8.3,2.54,8,30,6.9,71.6,295,0,114,5.8,455,18,166,264,45.6,90.2,90.2,61.4,1,10,480,1,16.7,111.8,4.2,19,22,1,12,30,13,2.7,3550,8.6
Arch Manning,173162,QB,TEXAS,13,73.0,370,408,9.7,2.88,10,19,4.4,60.8,248,0,165,8.1,463,22,151,311,64.9,87.3,81.0,81.1,11,7,489,4,13.3,99.1,4.8,22,32,2,15,26,17,3.5,3163,7.8
Katin Houser,158386,QB,E CAROLINA,12,74.2,388,407,9.3,2.23,4,23,5.3,65.8,268,0,103,6.9,442,20,156,156,48.7,84.0,82.3,66.1,4,6,473,1,14.6,100.4,3.4,15,18,0,11,19,12,2.5,3323,8.2
Joey Aguilar,174978,QB,TENNESSEE,13,77.1,389,406,9.5,2.71,3,21,4.8,67.0,272,0,137,9.3,450,28,170,307,51.0,90.5,90.6,57.8,6,10,483,4,14.6,104.0,4.4,20,24,0,8,24,9,1.9,3571,8.8
Jayden Maiava,158135,QB,USC,13,72.3,386,406,9.7,2.88,7,27,6.2,65.3,265,0,134,5.0,426,14,172,326,63.2,86.2,81.0,78.3,1,10,461,3,8.2,104.0,2.6,11,8,0,12,24,21,4.6,3711,9.1
Noah Kim,129623,QB,E MICHIGAN,12,73.8,359,403,8.9,2.83,7,17,3.9,61.3,247,0,137,6.8,436,18,127,160,46.8,67.6,69.4,53.2,2,11,467,1,8.0,85.9,2.5,11,22,1,34,18,15,3.2,2822,7.0
John Mateer,158516,QB,OKLAHOMA,12,71.4,370,402,8.3,2.73,9,13,3.1,61.9,249,0,136,5.7,459,15,141,261,65.0,64.0,61.7,62.6,4,11,482,2,19.9,83.8,5.9,27,28,2,17,14,20,4.1,2884,7.2
CJ Bailey,183349,QB,NC STATE,13,76.0,379,402,8.9,2.84,2,13,3.0,67.9,273,1,145,5.2,454,15,158,248,57.6,67.8,64.1,68.2,3,9,482,3,13.8,102.3,4.4,20,30,2,16,25,17,3.5,3105,7.7
Walker Eget,146170,QB,S JOSE ST,11,69.1,363,397,12.3,2.78,11,29,7.0,58.2,231,0,118,8.0,421,20,133,285,64.8,67.5,66.7,57.8,2,9,441,1,5.1,87.4,1.4,6,18,4,17,17,19,4.3,3046,7.7
Braylon Braxton,144442,QB,SO MISS,12,72.1,365,397,10.7,2.84,12,25,5.8,64.0,254,1,135,3.4,454,9,142,296,60.3,74.5,76.1,56.4,3,8,492,5,14.1,99.4,4.2,19,37,0,17,24,12,2.4,3069,7.7
Cade Klubnik,156253,QB,CLEMSON,12,77.6,362,394,8.4,2.71,7,16,3.8,65.2,257,0,147,8.5,428,24,140,140,60.0,76.5,77.4,57.9,6,6,451,2,11.6,94.8,4.0,17,16,1,18,16,10,2.2,2946,7.5
Julian Sayin,183708,QB,OHIO STATE,14,82.5,372,392,8.7,2.91,2,23,5.7,76.8,301,0,112,2.0,423,6,180,260,80.1,92.9,92.5,64.0,2,8,438,1,16.1,123.2,4.3,18,11,0,16,32,6,1.4,3610,9.2
Jake Retzlaff,70874,QB,TULANE,14,73.3,371,392,9.0,2.73,6,12,2.9,61.5,241,0,127,11.4,431,31,169,319,52.2,81.6,76.9,73.5,2,7,449,2,7.1,92.2,2.1,9,28,1,12,15,20,4.5,3157,8.1
Drake Lindsey,184727,QB,MINNESOTA,13,70.8,363,392,8.0,2.61,7,14,3.4,62.8,246,0,111,4.3,418,11,115,225,72.4,70.5,68.7,67.5,4,6,440,3,18.9,88.6,5.0,21,5,2,16,18,15,3.4,2382,6.1
JC French IV,162521,QB,GA SOUTHRN,13,73.6,363,391,8.5,2.55,5,13,3.2,63.2,247,0,138,7.5,476,20,159,174,66.8,65.4,63.1,64.5,2,8,498,1,21.7,94.4,6.3,30,50,4,17,20,13,2.6,2924,7.5
Bear Bachmeier,203434,QB,BYU,14,74.7,364,389,8.5,2.6,6,11,2.7,64.5,251,0,136,7.7,437,21,146,128,41.8,78.9,72.0,76.9,6,7,464,0,11.8,93.6,3.7,16,29,2,11,15,20,4.3,3022,7.8
Gunner Stockton,157072,QB,GEORGIA,14,81.2,351,386,7.3,2.76,17,14,3.3,69.7,269,0,120,5.6,458,16,162,173,78.3,81.1,80.7,64.2,5,5,495,4,15.0,106.9,3.9,18,53,0,13,24,12,2.4,2906,7.5
Miller Moss,70727,QB,LOUISVILLE,12,72.1,358,383,7.9,2.63,10,15,3.7,63.7,244,0,122,5.4,417,14,125,210,41.8,68.2,63.1,78.9,3,7,438,3,18.0,90.6,5.3,22,10,4,8,16,19,4.3,2679,7.0
Fernando Mendoza,158323,QB,INDIANA,16,79.0,353,382,9.8,2.67,6,23,5.7,71.5,273,0,132,2.2,441,6,191,190,63.5,91.6,90.7,74.0,7,6,469,2,18.9,129.4,5.7,25,34,3,13,41,12,2.6,3536,9.3
Marcel Reed,175940,QB,TEXAS A&M,13,72.8,357,380,9.1,2.99,6,18,4.5,61.6,234,1,130,10.0,445,26,166,312,56.8,68.3,63.6,69.3,6,12,468,7,11.5,96.8,3.4,15,50,0,11,25,22,4.7,3156,8.3
Diego Pavia,156927,QB,VANDERBILT,13,79.2,356,379,9.8,2.87,5,30,7.4,70.4,267,1,158,5.3,454,15,199,333,69.9,92.2,90.7,82.1,3,8,484,7,13.3,116.3,4.6,21,51,0,15,29,12,2.5,3527,9.3
Jacob Clark,101628,QB,MO STATE,12,74.3,354,375,9.5,2.86,7,25,6.2,65.6,246,0,172,6.5,462,17,153,230,74.2,78.2,77.3,60.9,6,11,492,3,28.5,105.3,10.6,49,37,1,7,28,17,3.5,3226,8.6
Preston Stone,124716,QB,NWESTERN,13,69.7,347,372,10.1,2.79,12,17,4.3,59.7,222,0,106,8.3,403,20,122,256,38.5,68.4,67.5,59.1,1,12,430,4,16.0,80.5,4.2,17,14,0,12,17,22,5.1,2400,6.5
Alonza Barnett III,156710,QB,JAMES MAD,14,70.2,336,370,9.5,2.73,16,18,4.6,58.4,216,0,126,8.5,407,20,125,197,48.8,71.1,61.5,78.7,2,8,433,6,16.7,94.1,5.2,21,16,0,16,23,10,2.3,2811,7.6
Athan Kaliakmanis,144971,QB,RUTGERS,12,70.8,349,370,11.2,2.77,6,26,6.6,61.9,229,0,130,7.3,440,18,155,278,73.5,88.8,87.6,64.4,3,7,463,0,29.2,99.0,8.6,38,32,1,11,20,11,2.4,3123,8.4
Brendon Lewis,131687,QB,MEMPHIS,13,82.3,327,367,9.0,3.1,7,16,4.1,68.4,251,0,157,6.7,447,18,142,218,56.1,87.2,75.4,85.9,6,7,474,1,19.1,95.9,6.7,30,49,0,27,16,14,3.0,2666,7.3
Ben Finley,122864,QB,AKRON,11,62.7,346,366,11.4,2.8,3,15,3.9,51.1,187,0,133,13.8,416,30,129,102,45.8,70.0,68.6,59.1,3,9,439,2,22.6,79.9,7.2,30,20,2,12,19,22,5.0,2474,6.8
Luke Altmyer,146802,QB,ILLINOIS,13,75.1,338,365,9.3,2.8,6,12,3.1,66.8,244,0,144,3.9,421,10,155,187,44.5,78.0,74.2,71.0,4,5,449,2,21.5,106.4,7.4,31,24,0,17,22,14,3.1,2994,8.2
Haynes King,124329,QB,GA TECH,12,79.0,338,365,7.5,2.65,5,15,4.0,69.0,252,1,124,5.6,393,15,138,176,68.0,85.9,80.9,75.0,3,6,408,1,8.1,99.1,2.5,10,18,3,16,14,4,1.0,2936,8.0
Logan Fife,128176,QB,NEW MEX ST,10,66.7,336,364,9.2,2.52,13,15,3.9,56.3,205,0,125,8.5,419,19,113,242,29.5,58.1,59.3,51.4,2,12,447,1,23.2,71.0,6.9,29,25,0,13,11,20,4.5,2240,6.2
Ta'Quan Roberson,101625,QB,BUFFALO,11,67.8,326,362,11.3,2.64,7,27,7.1,56.9,206,0,125,6.8,411,15,125,126,30.3,59.1,58.7,59.3,8,12,429,6,19.2,80.2,5.8,24,24,2,19,17,24,5.6,2511,6.9
Nicholas Vattiato,145302,QB,MIDDLE TN,9,71.4,332,360,7.4,2.52,8,9,2.4,60.6,218,0,98,8.0,410,19,112,224,52.6,64.0,66.7,46.9,0,7,433,0,20.4,84.2,4.9,20,30,4,16,16,9,2.1,2155,6.0
Brad Jackson,184354,QB,TEXAS ST,13,79.5,332,357,8.8,2.62,8,22,5.9,70.6,252,0,113,4.5,446,12,152,314,52.6,79.2,73.1,73.8,1,7,470,0,23.9,109.8,6.1,27,58,3,13,21,10,2.1,3208,9.0
Conner Weigman,158683,QB,HOUSTON,13,72.2,334,356,8.9,2.68,4,18,4.6,65.2,232,1,135,3.7,401,9,144,182,39.2,74.4,63.5,80.3,5,9,437,2,14.1,100.9,4.7,19,22,0,13,25,17,3.9,2705,7.6
Bryson Barnes,131845,QB,UTAH ST,13,70.0,323,356,11.2,2.98,4,18,4.7,58.7,209,0,192,7.5,445,17,138,329,53.4,76.6,68.5,76.0,8,5,483,2,20.3,94.9,8.8,39,49,0,21,18,13,2.7,2807,7.9
Demond Williams Jr.,183648,QB,WASHINGTON,13,77.4,328,355,9.0,3.21,4,14,3.8,69.3,246,0,184,3.1,449,8,169,340,62.3,79.1,74.7,72.4,5,8,461,3,15.8,109.8,6.5,29,65,0,18,25,10,2.2,3057,8.6
Avery Johnson,173108,QB,KANSAS ST,12,72.2,316,344,9.5,2.76,8,17,4.8,59.3,204,0,105,10.5,379,24,117,199,52.9,74.8,71.6,68.2,3,6,391,3,9.5,90.6,2.6,10,24,1,16,18,18,4.6,2385,6.9
Byrum Brown,156206,QB,USF,12,75.6,328,342,9.7,2.98,5,21,5.7,65.8,225,0,113,9.3,405,23,141,327,57.0,91.5,85.7,86.2,3,7,431,2,13.3,113.8,3.7,15,46,1,5,28,11,2.6,3131,9.2
Ryan Browne,174949,QB,PURDUE,12,71.0,314,341,9.3,3.04,3,11,3.0,58.4,199,0,129,10.8,388,24,124,273,58.8,69.1,66.7,62.2,4,10,418,1,12.4,73.6,4.1,16,31,1,19,9,17,4.1,2153,6.3
Kaden Anderson,127312,QB,WYOMING,12,67.9,308,340,8.4,2.84,9,8,2.2,55.6,189,0,110,9.6,369,20,94,351,57.8,50.5,49.7,57.5,2,10,396,3,14.5,72.0,4.3,16,13,2,19,12,16,4.0,1969,5.8
Rocco Becht,157567,QB,IOWA STATE,12,71.6,317,340,9.7,2.67,7,15,4.2,60.3,205,0,97,9.7,386,22,125,193,57.8,80.0,79.3,64.0,3,9,409,2,22.7,88.7,5.7,22,23,1,12,16,9,2.2,2584,7.6
DJ Lagway,184426,QB,FLORIDA,12,71.8,316,338,8.1,2.71,3,13,3.7,63.0,213,0,115,6.2,382,14,108,163,58.3,66.7,62.6,69.4,5,14,401,0,20.0,81.0,6.0,23,21,2,12,16,18,4.5,2265,6.7
Devon Dampier,171556,QB,UTAH,12,70.0,313,337,10.6,2.87,8,20,5.6,62.6,211,0,94,3.7,369,8,125,328,63.1,83.1,76.7,77.7,2,5,391,4,8.5,102.4,2.2,8,24,1,13,24,11,2.8,2471,7.3
Brendan Sorsby,156398,QB,CINCINNATI,12,71.0,310,336,10.6,2.82,6,23,6.4,61.0,205,0,114,6.8,378,15,142,138,70.1,90.3,86.3,76.9,1,5,400,0,6.1,107.0,1.9,7,34,1,18,26,7,1.8,2782,8.3
Jalen Kitna,146688,QB,UAB,10,73.8,321,336,8.1,2.75,4,8,2.3,66.4,223,0,111,5.9,362,14,122,321,66.2,64.6,62.1,65.5,3,10,383,2,16.2,88.4,5.0,18,8,0,8,13,19,5.0,2459,7.3
Bryce Underwood,198795,QB,MICHIGAN,13,71.2,323,335,8.9,2.72,7,14,4.0,60.3,202,0,127,12.2,399,28,131,222,54.0,69.5,66.2,67.1,1,9,417,1,17.3,82.3,5.5,22,40,0,4,11,15,3.6,2428,7.2
Behren Morton,144747,QB,TEXAS TECH,12,75.2,315,335,8.0,2.59,6,22,6.3,65.4,219,0,89,7.6,368,18,112,315,64.1,72.0,72.7,50.1,2,6,382,1,23.6,105.6,5.7,21,12,1,11,22,17,4.5,2780,8.3
Taylen Green,145996,QB,ARKANSAS,12,71.3,296,329,9.5,3.2,4,11,3.2,60.2,198,0,142,6.2,393,13,145,111,65.3,82.5,65.6,92.2,8,11,417,2,19.0,91.9,6.9,27,37,0,21,19,22,5.3,2713,8.2
Nico Iamaleava,174728,QB,UCLA,11,73.7,300,329,7.9,2.83,10,9,2.6,63.8,210,0,155,5.0,406,11,129,324,42.1,72.0,64.1,78.0,8,7,425,2,18.1,84.2,6.9,28,49,4,7,13,10,2.4,1941,5.9
Jack Layne,158966,QB,NEW MEXICO,13,74.4,301,326,8.7,2.72,7,18,5.0,65.3,213,0,153,4.9,399,11,127,241,60.1,73.1,71.4,67.6,2,10,438,2,21.6,88.8,8.3,33,39,0,16,13,12,2.7,2486,7.6
Tucker Gleason,122475,QB,TOLEDO,12,77.5,302,325,9.1,2.74,5,18,5.2,64.3,209,0,112,10.7,346,25,120,316,50.3,90.5,90.4,65.9,4,9,364,4,8.0,97.9,2.6,9,12,2,12,21,10,2.7,2517,7.7
Robby Ashford,131702,QB,WAKE,12,68.5,305,322,7.7,2.83,5,19,5.5,59.0,190,1,116,9.1,381,19,111,339,37.8,68.9,64.8,68.8,1,8,405,5,10.3,85.2,3.1,12,41,0,11,12,17,4.2,2467,7.7
Jalon Daniels,122555,QB,KANSAS,12,72.3,303,321,10.1,2.88,4,18,5.4,61.7,198,0,118,9.6,370,21,132,198,29.8,77.1,72.0,72.3,2,7,385,1,16.1,100.1,5.1,19,30,1,11,22,15,3.9,2531,7.9
Baylor Hayes,192135,QB,TULSA,10,70.2,285,319,10.3,2.93,8,17,4.9,58.0,185,0,148,7.5,372,15,115,320,53.0,59.2,57.3,60.2,5,6,403,1,16.2,83.3,6.5,24,29,2,19,12,15,3.7,2161,6.8
Kyron Drones,144506,QB,VA TECH,12,67.4,291,317,9.4,3.15,2,15,4.5,55.8,177,0,154,9.7,387,19,96,337,55.6,69.9,61.2,73.5,8,9,407,1,16.2,80.1,6.5,25,42,1,15,17,19,4.7,1937,6.1
Tayven Jackson,157615,QB,UCF,11,71.7,297,317,7.8,2.65,2,11,3.4,63.1,200,0,98,6.1,349,13,91,323,49.2,59.4,55.1,70.0,3,8,358,6,16.3,83.1,4.6,16,13,0,15,10,17,4.7,2161,6.8
Mason Heintschel,199088,QB,PITTSBURGH,10,72.8,298,317,8.6,3.12,6,13,3.8,63.1,200,0,150,7.8,388,17,125,268,45.5,59.5,57.3,62.2,2,8,418,2,21.3,91.8,8.2,32,37,0,11,16,20,4.8,2345,7.4
Evan Simon,129906,QB,TEMPLE,12,71.4,276,314,8.7,2.59,5,13,4.0,60.5,190,0,117,3.6,357,7,118,306,66.9,66.7,64.5,64.4,6,2,369,2,15.4,104.3,5.0,18,22,0,27,25,11,3.0,2100,6.7
Tommy Castellanos,158433,QB,FLORIDA ST,12,67.7,291,311,12.9,3.17,3,23,7.0,58.2,181,0,125,8.1,376,16,132,167,52.3,85.1,85.4,67.3,4,9,394,4,12.0,91.6,4.0,15,50,0,13,15,8,2.0,2765,8.9
Parker Navarro,123758,QB,OHIO,13,70.8,281,308,10.9,3.21,5,16,4.8,61.0,188,0,141,5.5,379,11,136,259,29.9,69.6,61.1,75.3,1,11,405,9,14.2,85.4,5.3,20,51,1,20,14,19,4.7,2379,7.7
Zevi Eckhaus,148535,QB,WASH STATE,11,71.5,284,307,9.3,2.7,8,15,4.6,62.9,193,0,151,4.9,351,10,110,341,60.1,74.5,64.2,82.1,1,12,373,3,12.6,82.8,5.4,19,24,0,14,15,12,3.2,2086,6.8
Cutter Boley,184630,QB,KENTUCKY,11,72.1,290,305,7.9,2.7,2,7,2.2,64.9,198,0,108,5.3,364,11,123,202,39.9,59.4,59.2,56.5,1,12,387,3,23.1,85.9,6.9,25,30,2,10,15,19,4.9,2175,7.1
Blake Shapen,122282,QB,MISS STATE,11,77.3,278,303,9.3,2.69,9,15,4.7,64.4,195,0,121,9.3,368,20,101,227,40.4,68.5,74.5,47.0,5,8,389,2,28.9,94.6,9.5,35,30,0,11,15,10,2.6,2428,8.0
Maddux Madsen,163379,QB,BOISE ST,11,71.4,283,302,8.7,2.82,8,11,3.4,58.3,176,0,106,12.9,350,26,116,120,62.0,69.8,67.5,63.9,0,9,369,3,16.0,90.3,4.9,17,31,0,11,18,14,3.8,2332,7.7
CJ Carr,184093,QB,NOTRE DAME,12,73.2,280,299,10.6,2.54,4,21,6.5,65.2,195,0,76,4.9,317,10,137,258,67.1,85.1,83.5,65.9,3,6,340,4,10.5,113.0,2.5,8,9,2,10,24,11,3.2,2741,9.2
Bishop Davenport,163426,QB,S ALABAMA,12,74.8,286,298,6.3,2.46,3,9,2.7,67.8,202,0,87,5.6,341,12,102,288,46.8,66.6,56.7,76.6,2,6,372,5,24.1,92.6,6.2,21,21,0,7,12,18,4.8,2075,7.0
LaNorris Sellers,174326,QB,S CAROLINA,12,70.3,269,296,9.5,3.15,6,15,4.7,59.8,177,0,163,6.3,384,12,106,289,52.1,73.4,66.9,72.4,6,8,410,5,24.5,89.5,10.4,40,47,2,13,13,14,3.4,2433,8.2
Amari Odom,178686,QB,KENNESAW,12,72.4,275,292,9.8,2.87,2,22,7.0,64.7,189,0,115,5.0,346,10,112,200,46.9,73.0,71.3,65.1,1,8,372,2,19.1,103.3,6.4,22,30,1,13,19,17,4.6,2595,8.9
Colton Joseph,172283,QB,DOMINION,12,65.1,281,291,13.3,2.91,2,16,5.1,59.5,173,0,84,5.5,334,10,116,263,37.3,78.9,71.4,75.0,2,10,355,2,20.2,99.0,5.1,17,26,0,6,21,13,3.7,2629,9.0
Garrett Nussmeier,146757,QB,LSU,9,77.4,274,288,7.0,2.48,6,14,4.5,67.4,194,0,79,8.5,310,18,97,211,70.7,77.1,76.4,60.0,2,5,335,1,19.0,92.7,4.8,15,7,0,6,12,10,3.0,1922,6.7
Dylan Lonergan,172386,QB,BOSTON COL,10,74.3,268,284,7.7,2.59,8,12,4.1,66.9,190,0,71,4.5,318,9,101,121,60.3,70.8,71.7,50.9,1,5,330,0,21.1,94.1,4.7,15,17,0,7,12,10,3.0,2015,7.1
Maalik Murphy,157302,QB,OREGON ST,10,67.8,267,280,9.1,2.52,6,6,2.1,58.2,163,0,91,9.9,295,18,87,265,68.8,59.8,57.7,67.1,1,8,305,1,13.2,76.5,4.1,12,3,0,6,9,14,4.6,1818,6.5
E.J. Warner,156185,QB,FRESNO ST,10,78.5,265,278,6.9,2.62,4,9,3.1,69.4,193,0,78,7.2,319,15,108,169,40.7,70.3,68.4,62.6,1,11,335,1,21.8,89.5,5.3,17,22,0,8,13,16,4.8,2030,7.3
Kiael Kelly,145634,QB,BALL ST,12,66.5,257,275,8.1,2.99,6,6,2.1,56.7,156,0,158,8.8,375,15,93,117,27.7,58.6,46.8,70.8,1,8,393,3,31.0,75.0,13.1,49,47,0,11,11,17,4.3,1614,5.9
Maverick McIvor,99476,QB,W KENTUCKY,8,74.7,253,272,8.5,2.39,6,15,5.2,66.2,180,0,84,4.8,298,9,99,346,62.0,73.2,72.1,63.5,4,6,314,1,13.1,94.0,3.7,11,12,2,7,12,11,3.5,2040,7.5
Beau Pribula,164182,QB,MISSOURI,10,75.4,252,271,7.5,2.72,0,8,2.8,67.2,182,0,105,4.2,322,8,112,229,58.3,76.1,73.0,68.0,5,9,334,0,23.8,87.6,7.8,25,25,1,13,11,12,3.6,1941,7.2
Ethan Vasko,163817,QB,LIBERTY,10,66.8,238,268,11.2,2.96,7,13,4.6,56.3,151,0,102,5.0,300,8,96,206,59.7,67.1,63.1,67.9,1,12,316,5,14.7,73.3,5.0,15,16,1,21,10,16,5.1,1961,7.3
Zane Flores,174288,QB,OKLA STATE,9,70.9,244,267,7.4,2.67,3,6,2.2,59.6,159,0,102,8.1,301,14,80,262,53.5,58.0,53.4,67.7,4,7,312,0,17.6,67.8,6.0,18,16,1,15,3,13,4.2,1488,5.6
Broc Lowry,173383,QB,W MICHIGAN,14,73.5,238,265,8.2,2.67,2,9,3.2,63.0,167,0,101,4.6,309,8,101,347,72.3,88.6,75.5,84.1,4,3,330,1,16.8,89.7,5.5,17,27,1,20,9,3,0.9,1815,6.8
Keyone Jenkins,170403,QB,FIU,10,70.7,246,264,8.8,2.87,4,5,1.8,62.1,164,0,104,5.7,302,10,96,166,40.2,59.0,59.2,57.5,3,6,316,3,14.4,83.2,5.0,15,22,1,10,9,12,3.8,1742,6.6
Mark Gronowski,138303,QB,IOWA,13,76.7,236,263,7.6,3.08,6,8,2.9,63.5,167,0,92,7.7,308,14,100,192,44.8,83.3,73.4,79.9,3,7,322,2,18.5,84.2,5.5,17,28,0,18,10,8,2.5,1744,6.6
Gio Lopez,172309,QB,N CAROLINA,11,74.1,243,261,9.2,2.98,3,11,3.9,65.1,170,0,130,5.6,310,10,91,245,58.4,73.1,69.3,68.9,3,5,334,1,16.9,89.0,7.1,22,27,0,12,10,8,2.4,1746,6.7
Ben Gulbranson,131734,QB,STANFORD,9,67.7,235,261,8.5,2.72,6,11,4.0,56.3,147,0,105,7.5,292,12,78,300,33.7,49.4,48.6,58.0,3,10,306,4,23.8,73.5,8.6,25,6,0,17,9,22,7.2,1811,6.9
Carlos Del Rio-Wilson,146687,QB,MARSHALL,11,73.4,244,257,7.7,2.65,6,10,3.6,66.5,171,0,96,4.5,295,8,109,214,74.4,74.1,69.3,69.3,2,5,317,1,9.4,104.7,3.1,9,28,0,5,17,8,2.5,2052,8.0
Tad Hudson,170107,QB,COAST CAR,10,67.1,237,257,7.6,2.57,5,10,3.6,54.1,139,0,96,12.6,283,20,68,141,39.3,57.7,57.0,61.5,5,7,302,7,14.6,63.9,4.9,14,12,0,10,6,14,4.6,1253,4.9
Aidan Armenta,175731,QB,LA MONROE,11,66.5,239,253,11.8,2.81,2,17,6.3,57.7,146,0,76,8.2,293,13,81,209,57.3,62.1,62.3,57.4,1,8,315,5,27.6,79.6,7.2,21,14,0,11,12,14,4.4,1628,6.4
Dylan Raiola,183581,QB,NEBRASKA,9,78.4,241,251,7.4,2.77,2,7,2.7,72.1,181,1,80,4.2,294,8,102,238,51.5,62.4,63.2,51.8,2,6,305,2,36.3,109.3,9.9,29,12,0,6,18,11,3.6,2000,8.0
Dru DeShields,176094,QB,KENT STATE,11,65.5,223,244,10.9,2.85,6,15,5.8,55.7,136,1,119,6.8,283,10,86,201,42.0,60.6,62.0,54.4,3,3,300,7,13.4,102.7,5.7,16,22,1,11,18,12,4.0,2030,8.3
Jayden Denegal,158533,QB,S DIEGO ST,12,72.3,220,243,10.6,3.03,10,12,4.6,58.8,143,0,85,10.1,276,16,77,284,59.7,66.5,62.7,65.3,1,8,296,0,20.0,80.8,6.2,17,15,0,12,9,13,4.4,1809,7.4
Sam Leavitt,175465,QB,ARIZONA ST,7,68.3,227,239,9.1,2.94,5,18,6.9,60.3,144,0,87,7.1,287,11,89,110,65.6,76.4,67.4,83.2,1,3,310,2,23.0,89.4,7.0,20,28,1,5,10,12,3.9,1628,6.8
Grayson Loftis,170054,QB,CHARLOTTE,11,66.3,205,234,10.0,2.81,3,15,6.2,54.7,128,0,103,5.9,267,8,60,136,68.9,58.8,61.8,46.4,7,8,277,1,21.4,70.0,8.2,22,10,1,18,8,13,4.7,1415,6.0
Tucker Kilcrease,156863,QB,TROY,10,71.1,197,224,10.7,2.87,11,10,4.2,58.0,130,0,118,7.1,294,10,86,318,58.7,61.1,61.7,57.1,2,6,308,1,28.8,81.1,11.6,34,34,2,12,9,9,2.9,1528,6.8
AJ Swann,157186,QB,APP STATE,7,72.1,208,221,9.9,2.51,3,11,4.7,58.8,130,0,69,13.3,237,20,77,108,45.9,65.3,66.2,52.6,3,8,250,2,14.5,79.3,4.2,10,6,0,7,10,14,5.6,1494,6.8
AJ Hairston Jr.,184157,QB,UMASS,10,64.6,195,220,9.3,3.0,4,5,2.2,49.5,109,0,125,13.5,254,17,54,216,50.8,56.3,58.5,51.1,9,4,269,4,12.0,60.6,5.9,15,19,0,12,4,7,2.6,988,4.5
Lunch Winfield,176367,QB,LA LAFAYET,11,68.3,202,217,11.4,2.89,3,7,3.0,58.5,127,0,104,8.0,262,11,77,207,45.2,65.9,57.3,71.0,5,7,279,4,15.4,84.1,6.1,16,29,3,4,11,10,3.6,1554,7.2
JJ Kohl,174674,QB,APP STATE,8,72.8,202,217,8.7,2.55,5,12,5.3,61.3,133,0,73,9.5,237,14,80,108,55.0,67.5,66.0,63.5,7,2,248,3,12.3,95.9,3.8,9,11,0,3,12,10,4.0,1465,6.8
Rodney Tisdale Jr.,188754,QB,W KENTUCKY,8,72.7,205,216,7.8,2.58,1,6,2.6,64.8,140,0,62,6.0,245,9,77,346,69.2,64.1,63.2,62.3,1,7,259,2,22.6,84.3,5.7,14,15,1,8,9,10,3.9,1440,6.7
Jackson Arnold,173684,QB,AUBURN,10,73.5,200,215,7.3,2.84,3,5,2.2,63.3,136,0,94,7.5,279,11,71,115,56.8,66.2,57.2,74.3,2,2,295,3,33.0,85.6,11.1,31,33,0,10,6,9,3.1,1309,6.1
Skyler Locklear,164027,QB,UTEP,9,69.8,189,213,10.7,3.09,3,11,4.9,55.4,118,0,102,10.6,256,14,64,330,66.6,64.5,52.0,78.0,1,11,274,2,14.7,74.8,5.9,15,27,0,20,13,10,3.6,1415,6.6
Caden Creel,170414,QB,JVILLE ST,14,74.1,193,211,8.3,3.33,4,8,3.5,61.6,130,0,106,9.1,287,13,87,196,41.0,66.6,59.8,68.9,3,4,309,5,17.9,89.6,6.6,19,57,0,11,9,8,2.6,1514,7.2
Joe Labas,144847,QB,C MICHIGAN,13,77.7,197,208,8.1,2.78,4,10,4.5,70.7,147,0,92,3.9,232,6,75,134,28.8,68.2,67.9,58.2,0,6,248,2,21.7,106.9,8.6,20,4,1,6,13,11,4.4,1854,8.9
Kaidon Salter,132046,QB,COLORADO,9,74.1,185,206,8.9,3.22,3,7,3.2,61.7,127,0,100,7.3,265,10,83,143,72.3,64.4,54.0,74.3,1,7,277,3,17.0,84.1,6.4,17,41,1,16,10,12,4.3,1414,6.9
Aidan Chiles,173727,QB,MICH STATE,8,70.5,190,204,9.2,3.12,0,6,2.8,62.3,127,0,89,5.2,246,7,71,223,29.7,63.4,56.6,73.0,1,3,261,2,21.3,92.6,7.7,19,20,0,13,10,8,3.1,1391,6.8
T.J. Finley,124093,QB,GA STATE,7,73.2,190,203,7.9,2.41,1,8,3.7,61.6,125,0,66,10.1,226,14,59,175,65.8,63.8,64.7,51.7,6,7,241,1,19.7,74.4,5.8,13,9,2,4,6,10,4.1,1242,6.1
Jackson Brousseau,173480,QB,COLO STATE,9,78.2,174,202,7.3,2.92,4,6,2.8,63.9,129,0,108,5.1,250,7,67,144,57.1,55.3,55.8,53.4,6,3,265,0,19.4,92.0,8.4,21,26,1,17,9,9,3.4,1360,6.7
Goose Crowder,144781,QB,TROY,8,69.6,181,195,8.4,2.66,5,10,5.0,59.0,115,0,85,8.7,238,11,63,318,57.9,73.2,69.9,69.6,0,5,244,1,28.2,87.4,10.1,24,19,0,9,11,10,4.1,1313,6.7
Malachi Nelson,174203,QB,UTEP,6,65.9,176,189,8.9,2.52,2,10,5.0,54.0,102,0,64,12.1,211,14,48,330,64.5,55.6,56.4,50.3,0,9,222,2,15.6,66.8,4.7,10,10,1,10,8,14,6.3,1154,6.1
Jeff Sims,122496,QB,ARIZONA ST,8,64.0,178,188,9.3,2.73,3,9,4.6,55.9,105,0,64,7.9,214,9,60,110,26.6,67.5,60.8,69.5,1,6,222,0,15.6,81.0,4.7,10,16,0,6,10,9,4.1,1261,6.7
Cameran Brown,184894,QB,GA STATE,10,74.1,174,186,8.2,2.71,4,9,4.5,64.5,120,0,71,7.0,209,9,74,175,51.3,79.1,78.0,68.4,4,1,227,4,8.5,105.9,2.9,6,17,0,4,13,5,2.2,1293,7.0
Hunter Watson,183993,QB,SM HOUSTON,7,70.5,166,182,7.8,2.79,2,4,2.1,57.1,104,0,84,11.1,234,13,60,281,39.5,60.7,62.4,58.5,4,4,246,5,25.0,74.9,9.0,21,29,0,10,5,6,2.4,1099,6.0
Rickie Collins,172474,QB,SYRACUSE,7,63.8,174,181,10.1,2.86,5,6,3.1,53.6,97,0,84,12.6,225,14,54,304,54.1,48.1,46.2,58.9,0,10,241,1,17.9,58.5,6.7,15,29,0,2,6,15,6.2,1032,5.7
Dequan Finn,97804,QB,MIAMI OH,8,69.8,162,180,12.0,3.23,4,10,5.2,58.3,105,0,75,7.1,212,8,71,221,73.7,71.8,67.4,69.7,1,6,228,4,14.7,87.1,5.2,11,20,0,13,9,9,3.9,1451,8.1
Ethan Grunkemeyer,183606,QB,PENN STATE,10,80.1,166,179,7.2,2.7,3,4,2.1,68.7,123,0,75,7.5,208,10,69,266,36.2,68.5,68.0,58.3,1,4,218,2,20.0,96.1,7.2,15,13,0,9,8,5,2.3,1339,7.5
Carter Jones,198923,QB,NEVADA,9,69.6,168,173,8.0,2.36,3,2,1.1,64.2,111,0,53,5.1,194,6,59,239,40.7,49.8,48.5,57.9,1,8,202,0,20.8,72.6,5.7,11,9,0,1,6,11,5.4,1029,5.9
Alessio Milivojevic,183542,QB,MICH STATE,9,73.1,160,172,8.7,2.88,3,5,2.8,64.5,111,0,89,5.1,198,6,59,223,57.0,71.3,68.8,67.9,2,3,205,1,20.2,98.7,9.1,18,8,0,7,10,6,2.9,1267,7.4
Chase Jenkins,173242,QB,RICE,12,74.4,164,172,6.9,2.5,1,8,4.5,69.2,119,0,73,2.5,207,3,60,275,42.1,67.2,67.7,60.3,1,2,214,0,17.8,97.4,6.3,13,20,0,6,9,3,1.4,1033,6.0
Scotty Fox Jr.,199546,QB,W VIRGINIA,9,68.1,160,170,8.3,2.16,3,8,4.6,59.4,101,0,60,7.3,190,8,50,343,49.3,55.0,55.2,55.7,1,6,196,0,25.0,81.9,7.9,15,5,0,6,7,7,3.6,1276,7.5
Max Cutforth,176220,QB,BOISE ST,9,71.3,157,167,8.9,2.67,4,3,1.7,56.9,95,0,50,15.2,182,17,48,120,53.5,54.7,53.2,61.0,3,5,196,2,22.0,71.4,6.0,11,3,0,3,4,11,5.6,1057,6.3
Blake Horvath,162555,QB,NAVY,12,67.1,152,161,11.7,2.74,0,15,8.9,60.2,97,0,64,4.9,188,5,74,237,27.6,82.1,77.0,74.4,3,6,197,4,9.4,102.5,3.2,6,21,0,6,12,6,3.0,1580,9.8
Joe Pesansky,149434,QB,FIU,9,67.1,140,160,10.7,3.03,7,8,4.6,55.6,89,0,75,5.3,188,5,55,166,55.6,73.2,68.8,71.7,4,7,206,3,13.3,79.6,5.3,10,18,0,9,11,7,3.4,1017,6.4
Drew Allar,164157,QB,PENN STATE,6,72.7,150,159,8.1,2.85,2,4,2.5,64.8,103,0,44,5.5,186,6,65,266,75.7,72.4,66.1,75.7,2,3,191,0,13.6,93.8,3.2,6,20,0,5,8,5,2.6,1100,6.9
Steve Angeli,156966,QB,SYRACUSE,4,75.4,142,156,10.0,2.44,7,9,5.5,62.8,98,0,54,8.4,174,9,61,304,50.3,78.0,74.8,71.7,3,2,183,0,22.2,105.6,6.9,12,6,0,4,10,5,2.7,1317,8.4
Blake Baker,170448,QB,LA TECH,8,76.6,141,155,8.0,2.53,2,4,2.4,65.8,102,0,54,5.6,185,6,59,208,60.4,73.9,65.7,74.8,6,3,198,0,14.8,92.4,4.3,8,22,1,5,5,6,3.0,1220,7.9
Drew Pyne,122910,QB,BOWL GREEN,6,68.3,145,154,5.8,2.56,6,3,1.9,61.0,94,0,59,5.1,182,5,45,122,75.5,55.9,54.5,64.2,1,5,187,4,27.1,71.9,8.8,16,11,2,0,4,5,2.7,882,5.7
Grayson James,145214,QB,BOSTON COL,7,63.4,142,154,12.0,2.87,2,6,3.7,56.5,87,0,81,3.3,180,3,54,121,56.4,60.6,58.0,63.0,2,5,188,2,21.0,83.1,9.4,17,9,0,8,7,13,6.9,1196,7.8
Michael Van Buren Jr.,184764,QB,LSU,7,73.9,142,152,8.1,2.67,5,3,1.8,62.5,95,0,52,9.5,181,10,55,211,59.3,68.8,67.8,61.8,1,2,195,1,26.9,94.0,7.7,14,15,0,4,8,6,3.1,1012,6.7
Landyn Locke,199937,QB,SM HOUSTON,6,62.5,128,143,11.0,2.7,2,4,2.7,49.7,71,0,41,11.3,154,9,42,281,47.6,40.6,39.9,58.1,1,4,162,2,17.1,63.4,4.5,7,4,1,11,4,10,6.2,765,5.3
Roman Gagliano,183961,QB,MIDDLE TN,5,69.5,128,137,11.0,2.72,1,9,6.1,56.9,78,0,54,12.4,161,11,47,224,63.9,81.4,79.1,70.5,3,0,172,4,18.5,97.0,6.2,10,14,1,4,7,4,2.3,1000,7.3
Josh Holst,171312,QB,N ILLINOIS,7,67.2,119,130,7.9,2.88,1,5,3.7,59.2,77,0,62,3.8,167,3,42,254,64.6,48.8,49.2,52.1,1,3,173,1,14.5,74.1,5.4,9,28,0,9,4,5,2.9,687,5.3
Elijah Brown,183276,QB,STANFORD,6,66.7,117,128,8.9,2.49,3,5,3.7,57.8,74,0,56,5.1,144,4,42,300,59.4,56.7,55.7,57.6,4,2,152,2,23.2,81.2,9.0,13,3,0,4,4,7,4.6,829,6.5
Dexter Williams II,129457,QB,KENNESAW,8,67.3,113,127,11.7,2.85,3,2,1.5,53.5,68,0,52,10.5,142,8,42,200,77.0,60.9,54.1,69.9,4,3,147,1,7.7,78.8,2.8,4,11,1,6,6,7,4.8,798,6.3
Eli Holstein,172381,QB,PITTSBURGH,7,70.1,117,126,10.0,2.72,4,7,5.3,61.1,77,0,50,6.1,147,5,45,268,63.0,58.7,51.0,73.8,3,6,153,2,18.0,100.7,6.1,9,11,0,2,12,11,7.2,1081,8.6
TJ Lateef,199810,QB,NEBRASKA,7,70.3,111,123,8.7,2.99,3,4,3.1,60.2,74,0,47,5.1,151,4,45,238,50.3,52.0,52.1,55.1,2,1,155,1,19.1,93.0,6.0,9,19,0,7,5,4,2.6,904,7.3
Liam Szarka,197814,QB,AIR FORCE,10,69.4,111,122,12.0,2.82,0,10,7.8,61.5,75,0,55,2.6,136,2,61,101,68.7,81.6,73.0,74.9,5,5,143,1,14.5,105.0,5.9,8,6,1,5,9,9,6.3,1294,10.6
Ashton Daniels,157259,QB,AUBURN,4,72.6,106,122,9.5,2.97,3,4,3.1,55.7,68,0,63,11.7,154,9,50,115,66.8,71.0,63.9,72.7,1,2,163,2,15.9,77.1,6.5,10,22,2,10,3,5,3.1,797,6.5
Hunter Simmons,148254,QB,WISCONSIN,8,66.7,105,119,8.4,2.92,4,5,4.0,52.1,62,0,53,11.4,128,8,32,349,27.2,45.2,46.1,46.6,2,7,133,1,7.5,49.8,3.1,4,4,0,8,2,10,7.5,664,5.6
Trey Kukuk,198675,QB,LA TECH,9,74.2,97,110,5.7,2.58,5,1,0.9,61.8,68,1,48,5.6,131,4,32,208,75.1,70.5,48.8,78.6,2,4,138,3,16.7,72.2,6.1,8,13,2,4,3,6,4.3,652,5.9
Gavin Wimsatt,155757,QB,JVILLE ST,11,71.2,104,110,7.0,2.64,2,2,1.7,56.4,62,0,28,16.2,124,12,36,196,55.3,74.9,67.9,74.1,1,2,129,2,17.9,81.3,4.0,5,9,0,3,4,3,2.3,732,6.7
Will Hammond,184898,QB,TEXAS TECH,7,73.3,105,109,8.6,2.53,0,6,5.3,62.4,68,0,26,11.7,124,9,34,315,62.2,78.8,68.0,80.0,2,3,129,0,11.5,89.7,2.4,3,11,1,1,7,5,3.9,673,6.2
Darius Curry,191052,QB,COLO STATE,5,75.5,102,108,6.8,2.61,1,3,2.6,64.8,70,0,45,9.1,121,7,34,144,57.5,58.6,62.0,47.1,1,7,130,0,11.1,73.1,4.1,5,8,0,4,5,5,3.8,740,6.9
Grant Jordan,151147,QB,UMASS,7,65.7,102,108,10.1,3.1,3,4,3.6,56.5,61,0,59,9.0,128,6,31,216,77.1,64.8,57.5,72.1,0,2,130,0,20.3,72.5,9.4,12,8,0,3,3,3,2.3,564,5.2
Luke Weaver,198494,QB,HAWAII,5,68.7,99,105,8.0,2.58,2,5,4.4,60.0,63,0,30,7.4,125,5,34,180,59.0,55.5,54.9,58.0,1,3,136,0,20.0,84.1,4.8,6,14,0,3,6,7,5.1,628,6.0
Adam Damante,170711,QB,NEW MEX ST,4,77.8,99,104,8.7,2.34,2,1,0.9,67.3,70,2,29,9.1,113,7,37,242,42.2,58.9,57.5,61.0,0,4,125,2,20.7,86.9,5.3,6,3,0,3,5,5,4.0,717,6.9
Henry Hesson,145798,QB,MIAMI OH,5,47.7,88,101,14.5,2.76,1,4,3.9,38.6,39,1,43,7.1,119,3,28,221,62.4,48.8,49.3,54.2,0,3,121,1,23.3,59.7,8.4,10,8,3,9,4,5,4.1,596,5.9
Nicco Marchiol,157363,QB,W VIRGINIA,4,74.7,91,98,7.9,2.59,3,4,3.9,67.3,66,0,44,2.9,116,2,31,343,76.6,69.9,68.5,62.1,2,2,120,1,27.3,86.6,10.3,12,6,0,2,2,3,2.5,707,7.2
Ryder Burton,175011,QB,UAB,7,70.5,95,98,10.6,3.22,1,8,7.7,63.3,62,0,40,7.5,118,5,38,321,47.0,72.2,71.4,61.6,0,5,125,0,25.0,87.5,8.5,10,9,0,2,7,3,2.4,708,7.2
Gabarri Johnson,175905,QB,OREGON ST,8,70.8,96,97,5.9,2.73,0,2,2.0,61.9,60,0,30,11.8,115,8,27,265,45.7,49.1,45.8,57.7,0,3,123,0,26.7,69.0,7.0,8,10,0,1,2,4,3.3,497,5.1
Conner Harrell,156352,QB,CHARLOTTE,4,75.8,91,96,8.8,2.81,1,2,1.9,66.7,64,0,37,7.2,106,5,36,136,45.5,72.3,73.6,59.8,1,2,115,0,5.4,94.8,1.9,2,8,0,3,4,3,2.6,737,7.7
Jaxon Potter,176687,QB,WASH STATE,3,75.8,91,96,6.2,2.16,1,3,3.0,69.8,67,0,20,2.9,100,2,32,341,73.2,67.3,69.4,53.2,0,3,104,2,0.0,87.3,0.0,0,4,1,3,4,4,3.8,604,6.3
Julian Lewis,198304,QB,COLORADO,4,67.4,86,96,8.7,3.47,3,6,6.1,56.3,54,0,46,6.9,118,4,24,143,73.6,72.1,71.4,61.5,2,0,121,1,26.1,88.7,10.2,12,10,0,5,4,2,1.7,595,6.2
Carson Conklin,170765,QB,FRESNO ST,4,64.0,86,95,9.2,2.77,0,1,1.0,50.5,48,0,34,12.7,99,7,18,169,61.2,48.1,52.3,45.4,2,2,105,2,8.8,54.5,3.0,3,1,0,7,1,4,3.8,355,3.7
Matt Zollers,198887,QB,MISSOURI,7,64.6,79,92,10.1,2.54,1,2,2.0,51.1,47,0,26,7.8,100,4,25,229,44.7,49.3,53.2,39.9,0,2,108,3,11.5,72.9,3.0,3,5,1,11,4,2,1.9,503,5.5
Kirk Francis,173296,QB,TULSA,3,64.7,85,90,8.6,2.24,3,3,3.1,60.0,54,0,16,1.8,92,1,24,320,73.0,58.0,57.1,58.7,0,4,98,1,6.3,67.6,1.1,1,1,0,2,3,3,3.1,495,5.5
Danny O'Neil,184200,QB,WISCONSIN,6,70.1,87,90,7.2,3.11,0,3,3.2,67.8,61,0,51,0.0,118,0,35,349,76.6,51.3,43.9,66.8,1,5,123,1,31.4,83.3,13.6,16,12,0,2,5,6,4.9,635,7.1
Brady Davidson,199832,QB,N ILLINOIS,8,53.8,78,89,10.4,2.87,3,1,1.0,46.1,41,0,41,2.4,99,1,16,254,53.9,37.6,35.8,57.9,3,3,108,1,14.6,55.7,6.1,6,4,0,5,3,6,5.6,386,4.3
Brandon Rose,158503,QB,UMASS,6,71.1,83,88,7.6,2.82,1,0,0.0,59.1,52,0,40,11.9,101,7,24,216,28.4,53.1,53.8,54.4,0,3,105,0,17.5,61.0,6.9,7,6,0,4,1,6,5.7,424,4.8
Cale Hellums,170981,QB,ARMY,13,64.6,79,88,14.2,3.2,0,11,11.2,53.4,47,0,56,7.8,126,4,42,114,79.4,77.0,67.0,72.7,0,3,137,0,10.7,80.4,4.8,6,32,1,8,4,6,4.4,694,7.9
Chubba Purdy,122412,QB,NEVADA,8,64.6,79,88,9.8,3.03,3,2,2.1,50.0,44,0,40,13.7,113,7,30,239,62.6,61.6,47.0,65.2,2,8,122,0,12.5,44.5,4.4,5,20,2,2,3,11,9.0,576,6.5
Max Johnson,124099,QB,N CAROLINA,4,72.0,82,87,5.0,2.59,1,1,1.1,62.1,54,0,32,8.5,94,5,26,245,52.6,51.8,50.6,63.3,1,0,100,1,6.3,82.2,2.1,2,5,0,3,2,3,3.0,432,5.0
Christian Veilleux,145086,QB,GA STATE,3,64.6,79,87,9.9,2.46,3,3,3.3,47.1,41,0,34,19.6,92,10,26,175,73.0,53.2,49.1,68.8,1,3,97,0,2.9,62.9,1.1,1,4,1,3,3,4,4.1,509,5.9
Thomas Gotkowski,184081,QB,MIAMI OH,4,53.2,77,87,15.6,2.67,2,4,4.4,43.7,38,0,44,7.3,104,3,27,221,60.9,59.1,53.4,66.4,3,1,109,0,13.6,76.6,5.8,6,11,1,4,4,3,2.8,575,6.6
Daniel Beale,197861,QB,LA LAFAYET,5,63.0,81,86,9.3,2.68,4,3,3.0,48.8,42,1,29,17.6,96,9,24,207,53.6,57.5,54.8,64.8,0,4,111,1,17.2,46.4,5.2,5,5,0,1,1,2,1.8,395,4.6
Deshawn Purdie,184271,QB,WAKE,8,63.2,76,84,10.8,2.81,3,4,4.5,50.0,42,0,28,12.5,92,6,27,339,26.8,43.0,48.5,35.9,3,3,97,0,14.3,83.6,4.3,4,4,1,1,6,5,5.2,623,7.4
Brayden Fowler-Nicolosi,157207,QB,COLO STATE,3,64.0,75,82,9.4,2.84,1,2,2.3,53.7,44,0,31,8.3,95,4,29,144,52.8,51.7,48.3,65.7,1,2,99,0,19.4,65.5,6.3,6,6,0,5,1,4,4.0,488,6.0
Samari Collier,144801,QB,COAST CAR,6,62.5,72,80,9.1,2.65,1,4,4.7,50.0,40,0,28,11.1,92,5,23,141,57.2,64.9,51.5,73.4,2,2,99,1,14.3,88.3,4.3,4,8,0,5,7,3,3.0,496,6.2
Kamario Taylor,198868,QB,MISS STATE,8,69.0,71,78,13.1,3.4,0,4,4.9,55.1,43,0,51,12.2,108,6,39,227,64.0,84.7,62.1,90.1,3,1,114,2,15.7,97.6,7.4,8,20,0,4,5,1,0.9,629,8.1
Austin Simmons,175891,QB,OLE MISS,6,69.9,73,75,11.5,2.42,0,6,7.8,60.0,45,0,18,11.8,84,6,32,226,37.7,74.5,74.2,64.5,1,5,87,0,22.2,83.4,4.8,4,5,0,1,4,5,5.7,744,9.9
Cam Fancher,145266,QB,UCF,3,66.7,66,72,8.8,3.42,2,1,1.3,56.9,41,0,30,6.8,91,3,23,323,74.2,62.7,54.0,73.5,0,0,98,1,10.0,68.8,3.3,3,15,0,4,0,4,4.1,332,4.6
Christopher Vizzina,170032,QB,CLEMSON,4,71.4,70,71,6.8,2.37,0,2,2.7,63.4,45,0,26,10.0,79,5,18,140,56.4,54.1,57.1,51.3,1,1,81,0,19.2,91.6,6.3,5,3,0,0,4,7,8.6,406,5.7
Hunter Najm,184223,QB,BOWL GREEN,5,60.3,58,68,7.8,2.66,5,2,2.8,48.5,33,0,15,5.7,82,2,25,122,50.5,33.7,29.9,55.9,0,4,85,0,40.0,71.5,7.3,6,8,3,2,5,6,7.1,473,7.0
Sam Jackson V,144682,QB,OKLA STATE,8,64.9,57,67,6.5,3.63,3,2,2.8,52.2,35,0,30,5.4,82,2,17,262,43.7,52.1,50.0,50.5,0,2,86,4,6.7,60.0,2.4,2,13,0,7,1,3,3.5,351,5.2
Joseph Filardi,199227,QB,SYRACUSE,4,54.2,59,64,7.6,2.76,0,2,2.9,48.4,31,0,36,3.1,85,1,14,304,26.7,29.6,26.9,68.8,0,3,92,2,30.6,42.8,12.9,11,9,0,5,1,8,8.7,226,3.5
Malachi Singleton,172426,QB,PURDUE,8,70.2,57,64,11.4,3.09,2,2,2.9,59.4,38,0,34,5.0,71,2,23,273,79.5,69.9,65.7,67.2,2,2,75,0,8.8,92.6,4.2,3,4,0,3,5,3,4.0,431,6.7
Mabrey Mettauer,183668,QB,SM HOUSTON,6,68.4,57,62,5.6,2.98,1,1,1.4,58.1,36,1,27,7.7,86,3,14,281,54.3,53.6,61.1,48.6,1,2,96,3,25.9,73.3,8.1,7,16,0,3,3,3,3.1,300,4.8
MJ Morris,157404,QB,COAST CAR,3,68.4,57,61,7.6,2.27,2,2,3.1,59.0,36,0,14,7.7,65,3,17,141,72.6,46.2,43.6,59.3,0,4,68,0,14.3,51.2,3.1,2,2,0,2,1,6,8.8,319,5.2
Zion Turner,158636,QB,MARSHALL,4,73.7,57,59,9.0,2.72,2,2,3.3,67.8,40,0,21,4.8,63,2,18,214,24.6,67.0,67.2,60.0,0,1,65,1,9.5,85.6,3.2,2,2,0,0,1,4,6.2,403,6.8
Zach Calzada,98006,QB,KENTUCKY,3,57.1,56,58,11.9,2.98,1,2,3.2,48.3,28,0,23,12.5,63,4,9,202,73.5,46.5,41.7,63.2,0,2,69,1,8.7,45.1,3.2,2,3,0,1,0,3,4.3,239,4.1
Ryan Staub,171906,QB,COLORADO,4,66.0,53,56,10.6,2.74,1,5,8.6,53.6,30,1,21,14.3,73,5,17,143,27.1,45.7,46.7,54.6,1,4,76,3,33.3,66.6,9.6,7,10,1,0,3,7,9.2,427,7.6
KJ Jackson,184386,QB,ARKANSAS,5,67.9,53,54,8.4,2.78,0,2,3.5,61.1,33,0,22,8.3,63,3,22,111,47.2,78.7,72.3,76.7,0,0,67,0,9.1,105.6,3.2,2,6,0,1,3,3,4.5,441,8.2
Zach Gibson,100201,QB,FAU,6,63.5,52,53,8.1,2.57,1,2,3.4,58.5,31,0,13,6.1,55,2,16,165,43.5,50.0,54.4,38.1,0,3,60,0,0.0,71.5,0.0,0,1,0,0,3,4,6.7,323,6.1
Gunnar Gray,171202,QB,BUFFALO,4,62.7,51,53,9.8,2.22,1,2,3.7,54.7,29,0,10,9.4,53,3,10,126,70.3,51.6,49.6,60.0,1,2,54,0,0.0,62.5,0.0,0,0,0,0,2,3,5.6,228,4.3
Tristan Ti'a,204242,QB,OREGON ST,3,76.5,51,53,9.4,2.81,1,2,3.4,69.8,37,0,22,5.1,63,2,20,265,20.8,56.6,62.6,42.0,1,2,69,1,31.8,93.7,11.1,7,3,0,0,3,5,7.2,385,7.3
Daniel Kaelin,183565,QB,VIRGINIA,4,69.4,49,52,7.4,2.73,0,0,0.0,57.7,30,0,17,11.8,56,4,15,335,48.1,58.0,54.0,64.4,1,1,56,0,11.8,75.7,3.6,2,2,0,2,1,2,3.6,339,6.5
Zach Wilcke,156836,QB,CHARLOTTE,6,73.9,46,52,7.5,2.93,1,2,3.6,63.5,33,0,28,2.9,60,1,17,136,73.3,56.5,58.5,53.1,0,3,63,1,10.7,67.5,5.0,3,5,0,5,2,4,6.3,296,5.7
Landry Lyddy,156581,QB,SO MISS,5,72.9,48,52,7.3,2.71,1,0,0.0,65.4,34,0,11,2.9,55,1,16,296,71.5,65.4,65.1,59.0,1,3,59,0,0.0,77.9,0.0,0,3,0,2,2,3,5.1,406,7.8
Tama Amisone,199154,QB,S JOSE ST,6,70.7,41,52,9.3,3.41,1,0,0.0,51.9,27,0,20,6.9,60,2,15,285,77.0,65.6,59.2,67.2,0,3,62,1,15.0,38.1,5.0,3,5,0,10,0,2,3.2,210,4.0
Kalieb Osborne,184132,QB,TOLEDO,7,68.8,48,51,7.7,2.93,2,3,5.2,60.8,31,0,30,6.1,75,2,24,316,29.6,72.9,62.8,72.6,1,0,82,0,23.3,105.5,9.3,7,16,0,0,3,3,3.7,406,8.0
Gaston Moore,123756,QB,USF,7,86.7,45,48,4.3,2.64,1,3,6.0,72.9,35,0,15,10.3,57,4,14,327,51.4,67.5,70.2,56.1,2,2,59,0,26.7,84.5,7.0,4,5,0,0,2,3,5.1,290,6.0
Deuce Bailey,198907,QB,MO STATE,2,62.5,40,48,9.5,3.62,3,1,2.0,47.9,23,0,27,8.0,60,2,19,230,34.9,61.4,56.7,64.6,1,0,63,0,14.8,85.0,6.7,4,8,1,3,2,2,3.2,335,7.0
Carter Smith,199578,QB,WISCONSIN,4,70.0,40,46,6.4,3.29,1,0,0.0,56.5,26,0,33,7.1,59,2,12,349,42.6,42.4,37.3,54.7,1,1,60,0,27.3,72.8,15.3,9,4,0,4,2,2,3.3,201,4.4
Ken Seals,124359,QB,TCU,3,82.2,45,46,5.1,2.46,0,2,4.3,71.7,33,0,16,10.8,52,4,15,305,42.3,71.3,73.3,53.1,1,2,53,0,18.8,76.5,5.8,3,3,0,0,1,2,3.8,282,6.1
AJ Bianco,158232,QB,NEVADA,6,69.0,42,46,7.2,2.93,1,1,2.0,58.7,27,0,19,6.9,57,2,11,239,43.9,57.3,54.1,65.3,0,1,60,1,26.3,66.2,8.8,5,6,0,3,1,2,3.3,188,4.1
Evan Bullock,170452,QB,LA TECH,3,62.8,43,44,7.9,2.55,0,2,4.1,54.5,24,1,17,11.1,55,3,14,208,71.5,45.6,42.0,66.9,1,2,60,2,35.3,51.5,10.9,6,3,0,0,0,4,6.7,242,5.5
Brady Jones,200039,QB,W MICHIGAN,5,56.4,39,43,10.6,2.69,2,1,2.3,44.2,19,0,20,13.6,50,3,9,347,17.2,38.3,35.4,56.8,0,3,51,2,15.0,30.8,6.0,3,3,0,2,1,5,9.8,136,3.2
Michael Merdinger,183334,QB,LIBERTY,5,57.9,38,42,11.1,2.94,3,4,8.9,50.0,21,0,20,4.5,56,1,19,206,72.1,67.7,62.6,67.9,0,0,59,0,35.0,86.4,12.5,7,7,1,0,1,1,1.7,350,8.3
Walker Howard,157112,QB,LA LAFAYET,6,57.9,38,42,10.6,2.57,0,0,0.0,42.9,18,0,9,18.2,46,4,7,207,73.0,42.4,34.1,66.0,1,3,51,1,11.1,23.4,2.2,1,3,0,3,0,3,5.9,155,3.7
Lucian Anderson III,173364,QB,BOWL GREEN,3,76.3,38,41,8.0,2.7,1,1,2.1,63.4,26,0,10,10.3,50,3,11,122,54.8,67.9,59.8,70.2,0,3,56,1,40.0,65.6,8.0,4,5,0,2,2,2,3.6,245,6.0
Quinn Henicle,190064,QB,DOMINION,5,55.6,36,40,10.7,2.65,0,0,0.0,42.5,17,0,19,15.0,51,3,13,263,28.5,67.0,47.8,76.2,4,0,53,1,31.6,56.7,11.8,6,5,0,0,0,2,3.8,184,4.6
Noah Gillon,198101,QB,APP STATE,4,58.8,34,39,7.2,2.47,2,1,2.5,43.6,17,0,21,15.0,47,3,7,108,70.8,44.5,45.0,57.2,3,2,49,1,19.0,35.7,8.5,4,4,0,0,0,4,8.2,175,4.5
Jacob Conover,70963,QB,UTAH ST,5,67.6,37,39,10.8,2.68,0,3,7.0,61.5,24,0,13,4.0,44,1,15,329,71.4,58.9,57.3,60.8,0,0,49,2,7.7,120.5,2.3,1,4,0,2,4,2,4.1,308,7.9
Dewayne Coleman,163179,QB,ARMY,6,69.7,33,39,11.8,3.02,0,3,7.1,48.7,19,0,18,17.4,42,4,11,114,57.5,78.5,73.8,71.1,0,2,45,1,5.6,67.6,2.4,1,2,1,5,2,1,2.2,273,7.0
Landon Graves,181155,QB,LA MONROE,6,60.0,35,38,12.8,3.07,0,1,2.4,50.0,19,0,17,9.5,42,2,14,209,72.9,57.2,56.6,59.8,1,2,45,1,0.0,59.6,0.0,0,4,0,2,2,4,8.9,185,4.9
Mason Drube,200056,QB,WYOMING,3,59.5,37,37,10.4,3.29,0,0,0.0,54.1,20,0,17,9.1,44,2,11,351,72.7,52.3,55.9,51.1,0,1,47,0,23.5,56.9,9.1,4,3,0,0,0,2,4.3,187,5.1
Byrd Ficklin,199457,QB,UTAH,7,64.7,34,36,9.1,2.8,1,2,5.4,58.3,21,0,13,4.5,43,1,19,328,33.9,90.5,75.2,86.4,0,0,44,1,7.7,113.3,2.3,1,6,1,0,3,0,0.0,301,8.4
Mitch Griffis,123386,QB,TEXAS TECH,5,83.9,31,36,8.0,2.38,3,4,9.1,72.2,26,0,13,0.0,43,0,20,315,45.8,83.2,84.1,64.7,1,0,51,0,23.1,122.1,7.0,3,4,0,1,2,1,2.0,357,9.9
Tramell Jones Jr.,200122,QB,FLORIDA,2,78.8,33,35,8.7,2.8,0,0,0.0,60.0,21,0,14,19.2,42,5,14,163,69.7,65.0,71.1,48.1,0,0,43,0,7.1,93.9,2.4,1,6,0,2,2,1,2.3,191,5.5
Khalil Wilkins,189946,QB,W VIRGINIA,4,54.5,33,35,13.4,2.83,1,1,2.6,42.9,15,0,19,16.7,45,3,8,343,24.2,48.3,35.1,62.1,0,2,49,1,15.8,46.0,6.7,3,7,0,1,1,4,8.2,189,5.4
Brandon Tennison,174109,QB,UTSA,5,74.2,31,34,6.5,2.27,2,1,2.9,58.8,20,0,9,13.0,41,3,11,331,71.9,65.0,60.1,68.9,0,0,42,1,22.2,95.1,4.9,2,5,0,1,2,0,0.0,199,5.9
Luke Duncan,173972,QB,UCLA,2,78.1,32,34,4.6,2.13,2,0,0.0,61.8,21,0,9,16.0,34,4,9,324,68.5,60.9,61.8,,0,0,34,1,0.0,102.0,0.0,0,0,0,0,2,1,2.9,235,6.9
Gevani McCoy,147609,QB,TEMPLE,8,75.0,32,33,6.3,2.64,0,2,5.3,72.7,24,0,9,0.0,41,0,14,306,27.6,59.5,74.2,42.2,0,0,46,0,11.1,115.2,2.4,1,6,0,1,2,0,0.0,256,7.8
Xavier Ward,146492,QB,S JOSE ST,3,53.3,30,32,9.8,2.78,1,1,2.8,37.5,12,0,12,25.0,36,4,6,285,35.7,28.4,28.3,50.0,1,4,41,0,0.0,8.9,0.0,0,4,0,0,0,4,9.8,116,3.6
Austin Mack,171934,QB,ALABAMA,4,83.3,30,32,4.5,3.02,1,0,0.0,75.0,24,0,13,4.0,40,1,16,103,69.5,66.2,66.6,62.9,0,0,41,1,23.1,115.1,7.5,3,5,0,1,2,0,0.0,228,7.1
AJ Hill,198754,QB,MEMPHIS,2,67.9,28,32,8.5,2.93,1,1,2.9,59.4,19,0,9,0.0,33,0,10,218,68.6,52.3,53.6,,0,1,35,1,11.1,78.0,3.0,1,0,0,3,1,2,5.7,223,7.0
Brendan Sullivan,145034,QB,TULANE,11,78.6,28,31,9.5,3.84,0,4,11.1,64.5,20,0,21,9.1,46,2,14,319,75.8,60.8,74.7,49.7,2,2,52,0,14.3,81.8,6.5,3,12,0,1,2,2,3.8,233,7.5
Luke Doty,124230,QB,S CAROLINA,3,70.0,30,30,7.3,2.45,0,0,0.0,63.3,19,0,9,9.5,36,2,11,289,33.3,61.6,61.4,59.2,0,1,37,0,11.1,61.5,2.8,1,5,0,0,0,1,2.7,148,4.9
Angel Flores,164493,QB,C MICHIGAN,9,73.1,26,30,6.8,2.39,1,3,10.0,63.3,19,0,16,0.0,38,0,8,134,61.5,82.5,65.8,77.2,0,1,39,2,18.8,90.3,7.9,3,4,1,2,2,3,7.7,195,6.5
Kyle Crum,158784,QB,S DIEGO ST,1,51.9,27,29,12.6,2.87,2,1,3.2,48.3,14,0,8,0.0,32,0,8,284,71.3,39.5,39.2,57.7,0,2,34,1,12.5,49.4,3.1,1,2,0,0,1,4,11.8,169,5.8
Josh Johnson,186429,QB,AIR FORCE,5,66.7,27,28,15.9,3.21,1,4,13.8,57.1,16,0,13,11.1,38,2,14,101,52.1,72.1,79.1,58.3,0,2,39,0,30.8,111.6,10.5,4,6,0,0,4,2,5.1,374,13.4
Aaron Philo,183222,QB,GA TECH,1,84.6,26,28,9.4,2.32,0,4,13.3,75.0,21,0,11,4.5,30,1,11,176,29.9,76.3,72.2,69.7,1,1,32,0,9.1,113.7,3.3,1,1,0,1,1,3,9.4,373,13.3
Michael Hawkins Jr.,184595,QB,OKLAHOMA,2,65.4,26,27,10.6,2.58,0,0,0.0,55.6,15,0,9,11.8,33,2,11,261,39.7,74.1,62.9,76.9,1,0,34,0,33.3,111.2,9.1,3,3,0,0,3,1,2.9,167,6.2
Ryan Puglisi,184571,QB,GEORGIA,6,80.8,26,27,8.2,2.35,1,1,3.7,59.3,16,0,7,23.8,30,5,8,173,71.1,76.6,78.9,58.1,0,2,30,0,14.3,57.8,3.3,1,2,0,0,1,1,3.3,161,6.0
Kenny Minchey,171091,QB,NOTRE DAME,5,76.9,26,26,11.5,2.72,0,2,7.4,76.9,20,0,10,0.0,29,0,11,258,73.0,87.5,83.9,71.8,0,0,30,1,0.0,97.6,0.0,0,3,0,0,0,0,0.0,196,7.5
Turner Helton,163044,QB,GA SOUTHRN,3,65.2,23,26,6.0,2.8,0,1,3.6,53.8,14,0,9,6.7,28,1,6,174,68.2,61.5,64.2,52.6,1,0,30,0,0.0,72.3,0.0,0,2,0,2,1,0,0.0,74,2.8
Deuce Knight,198161,QB,AUBURN,2,72.0,25,25,10.3,2.88,0,1,3.8,68.0,17,0,8,5.6,34,1,16,115,22.4,69.8,42.2,93.2,0,0,35,0,37.5,128.6,8.8,3,6,0,0,2,4,11.4,259,10.4
John Alan Richter,156999,QB,TOLEDO,3,80.0,25,25,11.7,2.74,0,1,4.0,68.0,17,0,5,15.0,29,3,13,316,68.2,73.8,78.7,55.8,0,1,30,1,20.0,107.2,3.4,1,3,0,0,3,0,0.0,153,6.1
Chaston Ditta,198345,QB,E CAROLINA,4,80.0,20,24,8.4,2.52,2,1,4.0,50.0,12,0,11,25.0,30,4,6,156,73.3,59.6,53.7,64.9,0,0,31,0,45.5,120.7,16.7,5,1,0,2,3,1,3.2,215,9.0
Jake Merklinger,184888,QB,TENNESSEE,3,81.0,21,24,10.6,3.24,0,1,4.2,54.2,13,0,10,23.5,28,4,12,307,68.6,81.6,80.8,64.4,2,0,28,0,10.0,105.0,3.6,1,3,0,1,2,0,0.0,173,7.2
Alberto Mendoza,188673,QB,INDIANA,6,83.3,24,24,8.0,2.0,0,0,0.0,75.0,18,0,2,10.0,25,2,13,190,74.8,85.5,69.6,83.6,0,1,25,1,0.0,136.5,0.0,0,1,0,0,5,2,8.0,286,11.9
Michael Johnson Jr.,97796,QB,AKRON,7,65.0,20,23,8.2,2.83,2,0,0.0,52.2,12,0,10,7.7,33,1,6,102,48.0,60.3,60.3,59.5,1,0,35,1,40.0,72.6,12.1,4,6,0,0,1,0,0.0,62,2.7
Matthew Wilson,184618,QB,APP STATE,1,72.2,18,22,5.6,2.79,1,1,4.3,54.5,12,0,9,7.7,24,1,8,108,72.6,56.0,35.1,75.3,0,2,25,0,0.0,33.9,0.0,0,2,0,3,0,2,8.0,128,5.8
Drew Devillier,190639,QB,RICE,6,66.7,21,22,7.1,2.3,1,1,4.2,50.0,11,0,5,21.4,26,3,6,275,32.3,54.7,64.6,46.6,0,0,28,0,0.0,84.8,0.0,0,4,0,0,1,1,3.6,137,6.2
Baron May,76359,QB,BOWL GREEN,1,66.7,18,22,9.4,2.51,2,3,12.5,54.5,12,0,10,0.0,27,0,8,122,34.8,64.9,58.0,71.0,2,0,29,1,30.0,89.6,11.1,3,2,0,0,1,1,3.4,142,6.5
Cole Ballard,173062,QB,KANSAS,5,57.1,21,22,12.0,2.53,0,1,4.5,45.5,10,0,6,16.7,24,2,7,198,40.4,68.2,59.3,69.6,1,1,24,0,16.7,56.6,4.2,1,1,0,0,1,0,0.0,108,4.9
Cole Gonzales,159939,QB,PITTSBURGH,3,61.9,21,22,8.8,2.27,0,1,4.5,50.0,11,0,9,15.4,24,2,3,268,67.6,51.0,52.6,56.7,1,1,24,0,11.1,62.3,4.2,1,1,0,0,1,2,8.3,118,5.4
Zeon Chriss-Gremillion,156733,QB,HOUSTON,4,55.0,20,21,9.5,2.71,1,1,4.2,47.6,10,0,12,9.1,24,1,4,182,36.2,55.4,42.2,70.5,0,1,27,0,8.3,59.2,4.2,1,2,0,0,1,3,11.1,108,5.1
Deuce Adams,190581,QB,LOUISVILLE,3,84.2,19,21,6.1,2.68,2,2,9.5,71.4,15,0,9,6.3,25,1,5,210,34.5,64.9,73.1,53.5,0,0,25,0,22.2,83.8,8.0,2,2,0,0,0,0,0.0,112,5.3
Hank Brown,172439,QB,IOWA,3,68.4,19,21,6.1,2.58,0,0,0.0,52.4,11,0,6,15.4,21,2,6,192,26.9,54.4,62.1,42.7,2,1,21,0,0.0,63.0,0.0,0,0,0,0,1,0,0.0,107,5.1
Jalen Macon,153929,QB,N ILLINOIS,3,50.0,20,21,11.9,3.24,0,0,0.0,42.9,9,0,12,10.0,29,1,8,254,79.1,71.3,45.6,75.9,0,0,30,0,8.3,74.5,3.4,1,7,0,1,1,0,0.0,105,5.0
Brady Lichtenberg,144226,QB,CINCINNATI,2,70.0,20,21,5.7,2.93,0,1,4.8,66.7,14,0,7,0.0,24,0,8,138,68.2,66.5,67.4,64.9,0,1,26,0,14.3,96.1,4.2,1,2,0,1,2,0,0.0,134,6.4
Shaker Reisig,199615,QB,BOSTON COL,3,55.6,18,19,12.3,2.85,1,2,10.5,52.6,10,0,9,0.0,26,0,7,121,33.1,48.7,45.3,62.5,0,2,26,0,33.3,54.8,11.5,3,4,0,0,1,2,7.7,141,7.4
Emory Williams,170099,QB,MIAMI FL,4,68.4,19,19,8.0,2.38,0,0,0.0,68.4,13,0,4,0.0,21,0,7,220,25.9,64.5,59.5,67.7,0,0,21,0,50.0,93.3,9.5,2,0,0,0,0,1,4.8,156,8.2
CJ Montes,146114,QB,KENT STATE,2,64.7,17,19,5.0,2.83,2,0,0.0,52.6,10,0,13,9.1,26,1,6,201,69.5,58.1,52.1,66.5,0,1,26,0,38.5,72.3,19.2,5,2,0,0,1,0,0.0,140,7.4
Braden Streeter,185330,QB,DELAWARE,2,72.2,18,19,10.1,2.72,1,1,5.3,63.2,12,0,5,7.7,20,1,5,151,68.5,70.5,72.0,57.2,0,1,20,0,0.0,71.8,0.0,0,1,0,0,1,1,5.0,98,5.2
Braxton Woodson,175276,QB,NAVY,4,61.1,18,19,11.3,2.88,0,2,10.5,47.4,9,0,15,18.2,25,2,8,237,57.8,92.1,74.2,88.2,0,0,25,0,20.0,65.7,12.0,3,3,0,1,0,1,4.0,110,5.8
Kevin Sperry,198436,QB,FLORIDA ST,3,70.6,17,18,14.6,3.31,0,0,0.0,66.7,12,0,8,0.0,23,0,9,167,68.8,65.4,64.9,60.9,0,0,24,1,25.0,139.6,8.7,2,3,0,1,2,0,0.0,194,10.8
James Laubstein,190465,QB,NEW MEXICO,5,82.4,17,18,6.4,2.91,1,0,0.0,66.7,12,0,6,14.3,22,2,9,241,64.4,88.2,72.2,77.5,0,0,23,0,0.0,120.8,0.0,0,4,0,0,2,0,0.0,113,6.3
Jaylen Henderson,146054,QB,W VIRGINIA,5,50.0,18,18,9.4,2.53,0,1,5.0,38.9,7,0,12,22.2,24,2,2,343,49.6,54.3,27.2,78.1,0,0,26,0,33.3,47.0,16.7,4,2,0,0,0,3,11.5,50,2.8
Ksaan Farrar,198321,QB,UCONN,2,81.3,16,18,6.0,2.72,2,0,0.0,61.1,11,0,7,15.4,23,2,6,146,69.9,70.9,63.0,74.3,0,0,24,0,57.1,72.5,17.4,4,1,0,0,0,0,0.0,84,4.7
JacQai Long,184703,QB,MARSHALL,5,53.8,13,18,8.5,3.11,0,0,0.0,33.3,6,0,12,14.3,22,1,1,214,22.4,41.4,27.3,71.1,2,0,22,0,33.3,42.4,18.2,4,0,0,3,0,3,13.6,31,1.7
Blaze Berlowitz,171066,QB,VANDERBILT,6,62.5,16,17,10.3,2.83,0,1,5.6,52.9,9,0,8,10.0,20,1,7,333,73.6,57.2,44.9,68.5,0,0,21,0,0.0,97.9,0.0,0,2,0,1,1,1,4.8,131,7.7
Khristian Martin,188254,QB,MARYLAND,5,82.4,17,17,8.9,2.11,0,2,11.1,64.7,11,0,6,21.4,19,3,4,215,69.1,82.1,81.5,64.1,0,0,20,0,16.7,81.7,5.3,1,1,0,0,0,0,0.0,105,6.2
Patrick Crayton Jr.,204285,QB,RICE,3,61.5,13,17,6.0,1.94,1,1,5.9,47.1,8,0,11,0.0,21,0,4,275,18.9,39.1,45.0,44.7,2,2,21,0,36.4,43.4,19.0,4,0,1,0,1,1,4.8,90,5.3
Brayden Roggow,184145,QB,AKRON,3,73.3,15,17,6.3,2.34,0,0,0.0,64.7,11,0,3,0.0,17,0,5,102,68.9,65.6,60.9,66.7,0,0,17,0,0.0,78.3,0.0,0,0,0,2,0,0,0.0,91,5.4
Jared Hollins,184343,QB,S ALABAMA,4,80.0,15,16,3.7,2.61,1,2,10.0,75.0,12,0,5,0.0,17,0,5,288,67.2,67.8,70.1,,0,0,21,1,20.0,111.7,5.9,1,0,0,0,1,0,0.0,101,6.3
Brock Thomas,176601,QB,OREGON,5,92.3,13,16,7.6,2.86,2,0,0.0,75.0,12,0,4,0.0,20,0,7,264,36.6,58.2,59.3,56.3,1,0,22,0,25.0,119.3,5.0,1,3,0,0,1,1,4.5,130,8.1
Bert Emanuel Jr.,158581,QB,S DIEGO ST,6,69.2,13,16,3.4,2.83,0,0,0.0,56.3,9,0,5,0.0,19,0,6,284,55.8,69.9,50.6,73.2,0,0,22,1,20.0,68.2,5.3,1,2,0,3,0,1,4.5,74,4.6
Braedyn Locke,157141,QB,ARIZONA,3,46.7,15,16,8.7,2.54,0,0,0.0,37.5,6,0,6,14.3,19,1,3,109,69.8,33.3,29.5,61.5,1,1,22,0,50.0,25.3,15.8,3,0,0,0,0,2,9.1,69,4.3
Billy Edwards Jr.,144185,QB,WISCONSIN,2,53.8,13,16,14.8,2.48,1,0,0.0,43.8,7,0,6,0.0,16,0,6,349,66.7,50.6,49.6,,0,0,17,0,0.0,68.0,0.0,0,0,0,2,0,0,0.0,113,7.1
Devin Kargman,156913,QB,KENT STATE,2,53.3,15,16,10.1,2.18,0,0,0.0,43.8,7,0,10,12.5,19,1,3,201,66.8,51.6,50.4,,0,1,19,0,30.0,30.2,15.8,3,0,0,1,0,1,5.3,68,4.3
Keelon Russell,198077,QB,ALABAMA,2,80.0,15,15,7.4,2.86,0,1,6.3,73.3,11,0,4,8.3,17,1,10,103,67.6,77.5,73.5,68.2,0,0,18,0,0.0,142.5,0.0,0,2,0,0,2,1,5.6,143,9.5
Husan Longstreet,199411,QB,USC,2,92.9,14,15,2.8,3.05,0,0,0.0,86.7,13,0,4,0.0,21,0,9,326,28.6,66.1,51.3,72.5,0,0,22,0,25.0,117.5,4.8,1,5,0,1,1,1,4.5,103,6.9
Nick Evers,158082,QB,UCONN,2,73.3,15,15,7.5,2.22,0,0,0.0,66.7,10,0,1,9.1,15,1,5,146,67.3,62.6,63.0,59.7,0,0,15,0,0.0,109.0,0.0,0,0,0,0,1,0,0.0,105,7.0
Miles O'Neill,191260,QB,TEXAS A&M,3,61.5,13,14,18.8,3.47,1,2,13.3,50.0,7,0,10,12.5,21,1,3,312,69.3,58.9,56.6,60.5,0,2,22,0,20.0,63.7,9.5,2,5,0,0,1,2,9.1,120,8.6
Noah Walters,164315,QB,OKLA STATE,2,50.0,14,14,9.4,2.39,0,0,0.0,42.9,6,0,2,14.3,17,1,4,262,71.2,47.7,45.7,57.1,0,0,18,0,50.0,83.0,5.9,1,1,0,0,1,1,5.6,72,5.1
Lincoln Kienholz,170256,QB,OHIO STATE,4,84.6,13,14,7.2,2.95,0,0,0.0,78.6,11,0,5,0.0,16,0,10,260,73.7,86.8,81.6,73.1,0,0,17,0,0.0,131.8,0.0,0,2,0,1,1,0,0.0,139,9.9
Kemper Hodges,186426,QB,AIR FORCE,3,46.2,13,14,13.4,3.26,0,0,0.0,42.9,6,0,9,0.0,18,0,4,101,58.9,74.8,42.8,78.2,0,0,19,0,33.3,59.8,16.7,3,1,0,1,0,1,5.3,74,5.3
Locklan Hewlett,199429,QB,USF,2,69.2,13,13,13.7,2.62,0,1,7.7,61.5,8,0,3,11.1,15,1,2,327,66.4,61.1,63.7,56.7,0,1,15,0,33.3,75.8,6.7,1,1,0,0,1,1,6.7,90,6.9
Lucas Scheerhorn,190304,QB,RICE,3,91.7,12,13,0.8,2.39,0,0,0.0,69.2,9,0,5,18.2,18,2,3,275,20.6,42.0,65.8,36.7,1,0,19,0,40.0,72.6,11.1,2,3,0,0,0,0,0.0,40,3.1
Kai Horton,144418,QB,WASHINGTON,4,61.5,13,13,15.5,3.2,0,0,0.0,53.8,7,0,7,12.5,19,1,8,340,69.7,66.0,53.7,74.7,0,0,20,0,42.9,78.4,15.8,3,3,0,0,0,1,5.0,98,7.5
Brady Allen,156493,QB,LOUISVILLE,3,83.3,12,12,10.3,2.58,0,3,21.4,66.7,8,0,1,20.0,13,2,3,210,66.4,61.7,63.6,57.3,0,2,15,0,0.0,71.9,0.0,0,1,0,0,1,2,13.3,75,6.3
Cutter Woods,199951,QB,S CAROLINA,2,81.8,11,11,10.2,2.71,0,0,0.0,72.7,8,0,5,11.1,13,1,6,289,66.8,88.3,90.3,60.2,0,1,13,0,0.0,50.9,0.0,0,2,0,0,0,0,0.0,69,6.3
Brady Hart,199994,QB,TEXAS A&M,2,55.6,9,11,4.6,2.38,0,0,0.0,45.5,5,0,4,0.0,12,0,3,312,68.5,57.7,51.5,66.2,1,0,12,0,0.0,63.4,0.0,0,1,1,0,0,0,0.0,62,5.6
Matthew Sluka,143059,QB,JAMES MAD,4,72.7,11,11,13.3,2.58,0,2,15.4,72.7,8,0,4,0.0,15,0,5,197,79.7,88.3,60.9,85.7,0,2,17,3,50.0,100.6,13.3,2,2,0,0,3,2,11.8,100,9.1
Matthew Caldwell,150302,QB,TEXAS,4,72.7,11,11,12.5,2.16,0,0,0.0,72.7,8,0,1,0.0,11,0,6,311,69.9,90.2,83.3,75.7,0,0,11,0,0.0,125.2,0.0,0,0,0,0,1,0,0.0,85,7.7
Ui Ale,173036,QB,TROY,1,70.0,10,11,11.5,2.64,0,0,0.0,45.5,5,0,4,28.6,16,2,4,318,67.5,62.2,57.3,66.8,0,0,17,0,75.0,60.4,18.8,3,2,1,0,0,0,0.0,54,4.9
Robert McDaniel,199153,QB,S JOSE ST,3,30.0,10,11,7.5,2.93,1,0,0.0,27.3,3,0,7,0.0,16,0,2,285,66.7,40.8,38.2,60.6,0,1,17,0,42.9,1.7,18.8,3,2,0,0,0,1,5.9,19,1.7
Hauss Hejny,183824,QB,OKLA STATE,1,60.0,10,10,17.2,2.53,0,1,8.3,50.0,5,0,3,16.7,11,1,5,262,68.6,74.8,73.1,64.5,0,0,13,0,0.0,117.1,0.0,0,1,0,0,1,0,0.0,96,9.6
Nolan Good,198637,QB,KENT STATE,2,55.6,9,10,4.0,2.73,1,0,0.0,50.0,5,0,2,0.0,12,0,2,201,27.1,39.2,48.4,44.9,0,0,12,0,50.0,57.5,8.3,1,1,0,0,0,0,0.0,33,3.3
Arrington Maiden,184715,QB,MEMPHIS,4,50.0,10,10,13.7,2.89,0,1,9.1,50.0,5,0,3,0.0,12,0,3,218,30.6,68.3,70.6,61.0,0,0,13,0,33.3,68.3,8.3,1,1,0,0,0,1,7.7,59,5.9
Weston Bryan,207846,QB,GA SOUTHRN,8,80.0,10,10,16.7,1.74,0,2,18.2,70.0,7,0,0,12.5,11,1,3,174,79.1,84.6,78.8,74.0,0,0,12,0,,135.0,0.0,0,0,0,0,3,0,0.0,84,8.4
Jadyn Glasser,184670,QB,C MICHIGAN,1,87.5,8,10,5.0,2.76,0,0,0.0,70.0,7,0,10,0.0,13,0,5,134,71.6,80.1,71.2,72.6,1,0,14,0,20.0,92.9,15.4,2,1,1,0,0,0,0.0,78,7.8
Brock Glenn,170335,QB,FLORIDA ST,4,77.8,9,10,5.6,2.38,1,0,0.0,60.0,6,0,3,14.3,12,1,4,167,69.9,73.7,62.8,71.9,0,0,13,0,33.3,120.4,8.3,1,1,0,0,2,0,0.0,69,6.9
AJ Surace,184666,QB,RUTGERS,2,55.6,9,9,16.4,2.57,0,0,0.0,44.4,4,0,2,20.0,11,1,3,278,65.8,66.5,65.4,,0,0,12,0,100.0,105.6,18.2,2,0,0,0,2,0,0.0,58,6.4
Jordan Magwood,199666,QB,FAU,2,87.5,8,9,8.5,2.95,0,0,0.0,77.8,7,0,3,0.0,11,0,4,165,66.7,71.7,75.4,57.8,1,0,11,0,0.0,95.8,0.0,0,2,0,0,0,0,0.0,63,7.0
George MacIntyre,199971,QB,TENNESSEE,2,77.8,9,9,9.8,2.8,0,0,0.0,77.8,7,0,2,0.0,9,0,5,307,65.1,58.8,58.0,,0,0,9,0,0.0,94.4,0.0,0,0,0,0,0,0,0.0,60,6.7
Luke Kromenhoek,183305,QB,MISS STATE,3,85.7,7,9,12.4,3.38,1,0,0.0,55.6,5,0,5,16.7,13,1,3,227,69.4,62.2,51.2,69.7,1,0,14,0,40.0,82.2,15.4,2,2,0,0,0,1,7.1,73,8.1
Cole Feuerbacher,171447,QB,MO STATE,2,87.5,8,8,4.9,2.5,0,0,0.0,75.0,6,0,2,14.3,8,1,1,230,21.2,45.5,62.2,38.5,0,0,9,0,0.0,79.2,0.0,0,0,0,0,0,0,0.0,28,3.5
Landon Sims,200048,QB,WYOMING,4,100.0,7,8,4.3,2.77,0,0,0.0,75.0,6,0,4,14.3,10,1,4,351,73.8,86.6,80.7,73.4,1,0,10,0,25.0,124.0,10.0,1,1,0,0,1,0,0.0,38,4.8
Nick Poulos,188474,QB,OHIO,1,57.1,7,8,7.7,2.66,0,0,0.0,50.0,4,0,6,0.0,12,0,3,259,71.6,52.5,39.8,65.0,1,0,13,0,33.3,56.3,16.7,2,2,0,0,0,0,0.0,19,2.4
Zach Marker,173615,QB,DELAWARE,1,62.5,8,8,5.6,2.18,0,0,0.0,37.5,3,0,1,40.0,9,2,2,151,66.3,69.5,61.6,68.9,0,0,9,0,0.0,45.8,0.0,0,1,0,0,0,0,0.0,21,2.6
Shay Smith,188323,QB,UTEP,5,37.5,8,8,7.9,2.36,0,0,0.0,37.5,3,0,1,0.0,9,0,0,330,74.5,46.5,29.1,65.7,0,0,12,0,0.0,45.8,0.0,0,0,0,0,0,2,16.7,11,1.4
Luke Carney,199218,QB,SYRACUSE,3,71.4,7,7,5.6,2.98,0,0,0.0,71.4,5,0,4,0.0,12,0,2,304,70.5,59.8,58.6,59.9,0,0,12,0,50.0,74.7,16.7,2,3,0,0,0,0,0.0,22,3.1
Mike Wright Jr.,124366,QB,E CAROLINA,3,66.7,6,7,8.0,2.76,0,0,0.0,42.9,3,0,3,25.0,7,1,0,156,77.6,68.3,57.7,70.0,0,0,7,0,0.0,50.3,0.0,0,0,0,1,0,0,0.0,13,1.9
Ryan Boe,190878,QB,NWESTERN,4,28.6,7,7,11.1,2.93,0,0,0.0,28.6,2,0,3,0.0,8,0,2,256,73.0,72.6,39.4,83.0,0,1,9,0,0.0,0.0,0.0,0,1,0,0,0,0,0.0,17,2.4
Malachi Toney,200155,WR,MIAMI FL,6,57.1,7,7,14.1,3.09,0,1,12.5,57.1,4,1,3,0.0,8,0,4,220,58.9,87.6,83.8,71.4,0,0,9,4,0.0,138.1,0.0,0,1,0,0,2,0,0.0,82,11.7
Lex Thomas,170381,QB,NC STATE,2,60.0,5,7,8.6,3.63,0,0,0.0,28.6,2,0,3,33.3,7,1,1,248,11.6,39.0,37.9,,0,0,7,0,0.0,39.6,0.0,0,0,0,2,0,1,14.3,18,2.6
Billy Wiles,144144,QB,APP STATE,2,85.7,7,7,7.1,2.81,0,0,0.0,85.7,6,0,5,0.0,12,0,4,108,20.3,51.1,49.1,60.6,0,1,13,0,60.0,96.4,25.0,3,2,0,0,1,2,15.4,50,7.1
Devin Brown,156479,QB,CAL,4,57.1,7,7,11.3,3.6,0,0,0.0,57.1,4,0,4,0.0,9,0,3,130,66.3,41.6,39.4,59.7,0,1,9,0,50.0,78.3,22.2,2,0,0,0,1,1,11.1,48,6.9
Anthony Garcia,174863,WR,UTAH ST,7,85.7,7,7,13.1,3.24,0,1,11.1,85.7,6,0,1,0.0,7,0,5,329,74.9,62.0,88.0,79.6,0,0,9,2,0.0,153.3,0.0,0,0,0,0,4,0,0.0,79,11.3
Hunter Herring,147138,QB,LA MONROE,6,42.9,7,7,15.0,3.26,0,0,0.0,42.9,3,0,3,0.0,8,0,4,209,41.1,58.9,36.3,65.0,0,2,9,1,0.0,78.3,0.0,0,1,0,0,1,2,22.2,68,9.7
Nate Bennett,184815,QB,BAYLOR,1,71.4,7,7,6.6,2.57,0,0,0.0,71.4,5,0,1,0.0,7,0,2,118,64.6,69.6,68.8,,0,0,7,0,0.0,81.8,0.0,0,0,0,0,0,0,0.0,34,4.9
Samaj Jones,183797,QB,CINCINNATI,2,85.7,7,7,2.7,2.26,0,0,0.0,57.1,4,0,0,33.3,9,2,3,138,32.4,65.1,68.5,60.7,0,0,9,0,,132.1,0.0,0,2,0,0,1,0,0.0,72,10.3
Reese Poffenbarger,145346,QB,N TEXAS,2,85.7,7,7,8.6,2.74,0,0,0.0,71.4,5,0,1,16.7,8,1,3,251,69.0,53.9,44.2,64.3,0,0,8,0,0.0,83.0,0.0,0,1,0,0,0,1,12.5,36,5.1
Julian Dugger,183269,QB,WASH STATE,4,33.3,6,6,5.3,3.7,0,0,0.0,33.3,2,0,7,0.0,13,0,2,341,33.3,66.3,59.5,62.3,0,0,13,0,57.1,56.9,30.8,4,3,0,0,0,0,0.0,39,6.5
Josh Flowers,184255,QB,ARK STATE,2,50.0,6,6,9.5,1.95,0,0,0.0,33.3,2,0,1,33.3,6,1,2,113,72.2,68.7,52.9,70.4,0,1,6,0,0.0,42.4,0.0,0,0,0,0,1,1,16.7,13,2.2
Ethan Houck,198664,QB,LIBERTY,2,20.0,5,6,17.4,2.69,1,1,16.7,16.7,1,0,1,0.0,7,0,1,206,71.6,40.9,27.2,69.5,0,1,7,1,100.0,0.0,14.3,1,0,0,0,0,2,28.6,17,2.8
Davi Belfort,184926,QB,UCF,3,66.7,6,6,12.0,3.88,0,0,0.0,66.7,4,0,3,0.0,10,0,4,323,30.0,58.3,26.8,75.3,0,1,10,1,66.7,54.9,20.0,2,2,0,0,0,2,20.0,53,8.8
Brennen Ward,200146,QB,KENTUCKY,1,100.0,5,6,5.2,2.6,1,0,0.0,50.0,3,0,2,40.0,6,2,1,202,64.6,80.9,80.5,,0,0,7,0,0.0,61.1,0.0,0,0,0,0,0,0,0.0,25,4.2
Parker Kingston,163251,WR,BYU,6,20.0,5,6,20.6,3.87,0,0,0.0,16.7,1,0,3,0.0,7,0,1,128,58.6,72.6,45.9,65.5,0,0,7,5,0.0,42.4,0.0,0,1,0,1,0,0,0.0,22,3.7
Au'Tori Newkirk,205242,QB,N CAROLINA,2,50.0,6,6,12.2,2.35,0,0,0.0,50.0,3,0,2,0.0,6,0,2,245,67.1,43.8,37.2,64.8,0,1,7,0,0.0,59.7,0.0,0,0,0,0,1,1,14.3,23,3.8
Jackson Proctor,148851,QB,N ILLINOIS,1,60.0,5,6,1.8,1.85,1,0,0.0,33.3,2,0,1,33.3,6,1,0,254,67.0,51.9,47.8,60.5,0,0,6,0,0.0,42.4,0.0,0,0,0,0,0,0,0.0,8,1.3
Jacurri Brown,156344,QB,UCF,2,60.0,5,5,12.2,2.84,0,0,0.0,60.0,3,0,3,0.0,9,0,3,323,18.7,46.5,37.4,56.7,0,1,9,0,0.0,104.2,0.0,0,3,0,0,1,1,11.1,97,19.4
Trent Pearman,156233,QB,CLEMSON,2,50.0,4,5,19.8,2.8,0,1,20.0,40.0,2,0,3,0.0,5,0,1,140,16.1,61.0,79.1,44.7,0,0,5,0,0.0,64.6,0.0,0,0,0,1,0,0,0.0,35,7.0
Will Wilson,198972,QB,NC STATE,4,60.0,5,5,8.0,2.59,0,0,0.0,60.0,3,0,4,0.0,8,0,3,248,80.7,82.2,29.1,81.2,0,1,8,0,0.0,25.8,0.0,0,3,0,0,0,1,12.5,16,3.2
Max Shikenjanski,173421,QB,MINNESOTA,1,100.0,5,5,8.6,2.47,0,1,20.0,80.0,4,0,2,20.0,6,1,2,225,67.0,77.9,79.7,61.4,0,0,6,0,50.0,158.3,16.7,1,0,0,0,1,0,0.0,80,16.0
Bryson Graves,175806,WR,COAST CAR,6,100.0,5,5,15.0,3.97,0,0,0.0,80.0,4,0,3,20.0,7,1,2,141,65.8,61.3,65.5,,0,0,7,2,66.7,158.3,28.6,2,0,0,0,1,1,14.3,147,29.4
Alex Manske,198567,QB,IOWA STATE,1,80.0,5,5,3.4,2.5,0,0,0.0,80.0,4,0,0,0.0,7,0,3,193,69.8,64.6,58.3,64.2,0,0,8,0,,90.0,0.0,0,2,0,0,0,0,0.0,28,5.6
Luke Moga,184857,QB,OREGON,2,60.0,5,5,5.6,2.23,0,0,0.0,60.0,3,0,0,0.0,6,0,2,264,68.1,72.2,56.0,75.1,0,0,7,0,,100.4,0.0,0,1,0,0,0,0,0.0,58,11.6
Jalyn Gramstad,180656,QB,NEBRASKA,2,100.0,5,5,1.0,1.5,0,0,0.0,100.0,5,0,0,0.0,5,0,0,238,63.8,65.2,64.4,,0,0,5,0,,80.0,0.0,0,0,0,0,0,0,0.0,16,3.2
Banks Bowen,204187,QB,OKLA STATE,2,60.0,5,5,2.8,2.96,0,0,0.0,60.0,3,0,3,0.0,7,0,1,262,7.9,24.7,19.0,72.2,0,0,8,0,33.3,64.6,14.3,1,1,0,0,0,3,37.5,4,0.8
Tommy Ulatowski,163150,QB,KENNESAW,2,75.0,4,5,4.0,2.2,0,0,0.0,60.0,3,0,2,0.0,5,0,0,200,68.9,51.7,51.1,58.1,0,0,5,0,0.0,64.6,0.0,0,0,0,1,0,0,0.0,9,1.8
Henry Belin IV,162693,QB,DUKE,1,40.0,5,5,25.0,3.92,0,0,0.0,40.0,2,0,1,0.0,5,0,1,154,71.1,64.8,52.3,68.6,0,0,5,0,0.0,53.8,0.0,0,0,0,0,0,0,0.0,22,4.4
Jacob Zeno,98014,QB,TEXAS A&M,1,66.7,3,5,3.3,2.52,1,0,0.0,40.0,2,0,1,0.0,5,0,1,312,63.8,62.0,61.1,,1,0,5,0,0.0,57.9,0.0,0,0,0,0,0,0,0.0,27,5.4
Lloyd Jones III,199313,QB,TEXAS TECH,1,80.0,5,5,13.0,2.88,0,0,0.0,80.0,4,0,3,0.0,6,0,4,315,69.7,65.6,72.8,59.9,0,0,6,1,0.0,158.3,0.0,0,1,0,0,2,0,0.0,74,14.8
McCae Hillstead,174761,QB,BYU,1,80.0,5,5,-2.0,1.7,0,0,0.0,80.0,4,0,0,0.0,5,0,1,128,71.1,62.5,58.8,61.8,0,0,5,0,,94.2,0.0,0,0,0,0,0,0,0.0,33,6.6
William Watson III,174771,QB,VA TECH,3,50.0,4,4,15.8,3.3,0,1,25.0,50.0,2,0,5,0.0,8,0,2,337,22.8,55.0,58.3,60.3,0,0,8,1,60.0,95.8,37.5,3,1,0,0,0,0,0.0,77,19.3
Cade Cunningham,145264,QB,JVILLE ST,3,50.0,4,4,14.0,3.25,0,0,0.0,25.0,1,0,2,50.0,4,1,0,196,63.8,66.7,59.8,64.4,0,0,5,0,0.0,39.6,0.0,0,0,0,0,0,0,0.0,-1,-0.3
Chris Denson,199629,QB,CLEMSON,1,100.0,4,4,-0.3,2.34,0,0,0.0,100.0,4,0,1,0.0,5,0,3,140,70.4,85.8,58.1,80.2,0,0,5,0,0.0,129.2,0.0,0,1,0,0,1,0,0.0,22,5.5
Charlie Fiser,158265,QB,SMU,2,100.0,4,4,-4.0,0.93,0,0,0.0,100.0,4,0,0,0.0,4,0,1,287,66.6,71.5,64.7,64.8,0,0,4,0,,97.9,0.0,0,0,0,0,0,0,0.0,30,7.5
Whitt Newbauer,188566,QB,OKLAHOMA,2,50.0,4,4,6.0,2.08,0,0,0.0,50.0,2,0,1,0.0,5,0,1,261,67.0,62.4,50.3,70.1,0,0,6,0,100.0,56.3,20.0,1,0,0,0,0,0,0.0,6,1.5
Clayton Dees,183928,QB,FIU,1,75.0,4,4,2.3,2.83,0,0,0.0,75.0,3,0,0,0.0,6,0,1,166,63.8,43.4,44.8,57.3,0,0,6,0,,90.6,16.7,1,1,0,0,0,0,0.0,25,6.3
Ethan Hampton,145858,QB,ILLINOIS,2,75.0,4,4,10.0,2.05,0,0,0.0,75.0,3,0,1,0.0,4,0,1,187,70.4,64.4,62.1,62.0,0,1,4,0,0.0,53.1,0.0,0,0,0,0,0,0,0.0,27,6.8
Marcus Beamon,198245,QB,C MICHIGAN,3,66.7,3,4,17.0,2.94,1,1,20.0,50.0,2,0,2,0.0,5,0,1,134,79.8,66.2,71.9,61.7,0,0,6,0,0.0,119.8,0.0,0,1,0,0,1,0,0.0,35,8.8
Cameron Flowers,188745,WR,W KENTUCKY,4,75.0,4,4,6.8,3.95,0,0,0.0,75.0,3,1,2,0.0,4,0,1,346,75.0,63.5,69.6,53.7,0,0,4,1,0.0,110.4,0.0,0,0,0,0,0,0,0.0,44,11.0
Deante Ruffin,198632,QB,KENT STATE,1,75.0,4,4,12.5,3.1,0,0,0.0,75.0,3,0,6,0.0,9,0,1,201,66.5,47.8,54.0,51.2,0,0,10,0,33.3,116.7,22.2,2,3,0,0,0,0,0.0,50,12.5
Ty Robinson,146317,WR,BALL ST,2,66.7,3,3,17.3,3.03,0,1,33.3,66.7,2,0,3,0.0,3,0,2,117,68.4,58.2,80.2,,0,0,3,0,0.0,109.7,0.0,0,0,0,0,0,0,0.0,77,25.7
Donovan Faupel,175668,WR,NEW MEX ST,3,66.7,3,3,18.3,4.17,0,0,0.0,66.7,2,0,0,0.0,3,0,2,242,51.8,71.6,74.3,,0,0,3,2,,149.3,0.0,0,0,0,0,1,0,0.0,57,19.0
Parker Awad,183974,QB,NEW MEX ST,1,0.0,2,3,13.5,5.6,0,0,0.0,0.0,0,0,4,,4,0,0,242,65.2,52.6,54.9,57.6,0,0,4,0,0.0,39.6,0.0,0,1,0,1,0,0,0.0,0,0.0
Brock Hansel,158437,QB,UCF,1,66.7,3,3,-0.3,1.5,0,0,0.0,33.3,1,0,0,50.0,3,1,1,323,64.8,28.7,28.1,60.0,0,1,3,0,,5.6,0.0,0,0,0,0,0,1,33.3,11,3.7
Air Noland,183705,QB,S CAROLINA,1,66.7,3,3,1.7,1.8,0,0,0.0,66.7,2,0,0,0.0,3,0,1,289,65.2,44.0,43.3,58.2,0,0,4,0,,75.7,0.0,0,0,0,0,0,0,0.0,13,4.3
Dylan Wittke,174804,QB,MINNESOTA,1,33.3,3,3,14.3,2.37,0,0,0.0,33.3,1,0,1,0.0,3,0,0,225,63.3,39.9,38.0,,0,1,4,0,0.0,2.8,0.0,0,0,0,0,0,1,25.0,7,2.3
Alex Orji,158545,QB,UNLV,1,100.0,3,3,2.7,2.28,0,0,0.0,100.0,3,0,1,0.0,4,0,3,325,25.4,67.8,61.4,66.0,0,0,5,0,0.0,118.1,0.0,0,1,0,0,0,0,0.0,37,12.3
Stephen Kittleman,126906,QB,TULSA,1,66.7,3,3,9.0,1.3,0,0,0.0,66.7,2,0,0,0.0,3,0,1,320,71.7,71.2,71.1,62.8,0,0,4,0,,82.6,0.0,0,0,0,0,0,0,0.0,18,6.0
DJ Bailey,189891,QB,SM HOUSTON,1,66.7,3,3,12.0,2.78,0,0,0.0,66.7,2,0,2,0.0,5,0,2,281,65.2,55.8,57.8,58.1,0,0,5,0,100.0,109.7,40.0,2,0,0,0,0,0,0.0,42,14.0
Dermaricus Davis,190930,QB,HAWAII,1,50.0,2,3,18.0,2.87,0,0,0.0,33.3,1,0,1,0.0,3,0,1,180,74.5,84.8,62.2,80.6,0,0,3,1,0.0,43.8,0.0,0,0,0,1,0,0,0.0,10,3.3
Ethan Lane,171235,QB,C MICHIGAN,1,66.7,3,3,0.3,1.83,0,0,0.0,33.3,1,0,0,50.0,3,1,0,134,64.8,52.8,49.5,60.0,0,0,3,0,,42.4,0.0,0,0,0,0,0,0,0.0,8,2.7
Charlie Mirer,157260,QB,STANFORD,1,100.0,2,3,8.0,2.96,1,0,0.0,66.7,2,0,2,0.0,5,0,2,300,63.8,79.4,64.4,69.4,0,0,5,0,50.0,127.8,20.0,1,1,0,0,1,0,0.0,22,7.3
Isaiah Marshall,183809,QB,KANSAS,2,100.0,3,3,7.3,3.35,0,0,0.0,100.0,3,0,1,0.0,4,0,2,198,30.7,90.2,67.5,81.5,0,0,5,0,0.0,105.6,0.0,0,1,0,0,0,0,0.0,28,9.3
Tucker McDonald,171056,QB,UCONN,2,66.7,3,3,12.0,2.2,0,1,33.3,33.3,1,0,0,50.0,3,1,1,146,64.8,80.0,79.9,60.0,0,0,3,0,,81.9,0.0,0,0,0,0,0,0,0.0,45,15.0
Whit Muschamp,188521,QB,VANDERBILT,1,100.0,3,3,2.7,2.0,0,0,0.0,66.7,2,0,0,33.3,3,1,1,333,66.4,66.0,58.8,64.7,0,0,3,0,,109.7,0.0,0,0,0,0,0,0,0.0,40,13.3
Keldric Luster,175287,QB,TEXAS ST,2,66.7,3,3,10.3,2.57,0,0,0.0,33.3,1,0,1,50.0,3,1,1,314,67.7,76.3,76.4,63.2,0,0,3,0,0.0,49.3,0.0,0,0,0,0,0,0,0.0,14,4.7
Max Brown,157756,QB,W VIRGINIA,1,50.0,2,3,20.5,3.35,0,0,0.0,33.3,1,0,1,0.0,4,0,1,343,67.9,54.0,35.1,67.2,0,1,5,0,0.0,2.8,0.0,0,1,0,1,0,1,20.0,7,2.3
Hank Beatty,158198,WR,ILLINOIS,3,100.0,3,3,5.7,3.47,0,0,0.0,66.7,2,0,3,33.3,3,1,1,187,83.1,82.4,75.4,75.8,0,0,3,0,0.0,140.3,0.0,0,0,0,0,1,0,0.0,31,10.3
Zavion Thomas,163697,WR,LSU,3,66.7,3,3,15.0,3.53,0,0,0.0,66.7,2,0,0,0.0,3,0,2,211,72.2,66.2,68.6,58.6,0,0,3,2,,103.5,0.0,0,0,0,0,0,0,0.0,33,11.0
Quinton Jackson,163001,HB,RICE,3,100.0,3,3,-4.0,2.85,0,0,0.0,100.0,3,0,3,0.0,6,0,1,275,90.7,71.9,60.9,74.7,0,0,6,0,33.3,79.2,16.7,1,2,0,0,0,0,0.0,8,2.7
D.J. McKinney,175620,HB,NEW MEXICO,3,50.0,2,3,4.5,3.3,0,0,0.0,33.3,1,1,3,0.0,4,0,1,241,89.1,68.3,63.3,72.6,1,0,4,1,33.3,81.9,25.0,1,0,0,0,1,0,0.0,9,3.0
Denzel Boston,162481,WR,WASHINGTON,2,100.0,2,2,4.0,3.05,0,0,0.0,100.0,2,0,0,0.0,2,0,1,340,80.0,88.0,73.7,59.6,0,0,2,0,,137.5,0.0,0,0,0,0,1,0,0.0,15,7.5
Marcus Bellon,104082,WR,NEVADA,2,0.0,1,2,18.0,3.7,0,0,0.0,0.0,0,0,1,,2,0,0,239,58.4,59.7,52.4,67.0,0,0,2,0,0.0,39.6,0.0,0,0,0,1,0,0,0.0,0,0.0
Jimmy Calloway,124274,WR,TULANE,2,50.0,2,2,35.5,4.35,0,1,33.3,50.0,1,0,0,0.0,2,0,1,319,68.7,54.8,86.5,61.0,0,0,3,1,,135.4,0.0,0,0,0,0,1,0,0.0,42,21.0
Trent Howland,144833,HB,OKLA STATE,3,50.0,2,2,17.5,3.1,0,0,0.0,50.0,1,0,3,0.0,3,0,1,262,29.2,64.9,50.2,67.8,0,1,3,1,33.3,31.3,33.3,1,0,0,0,0,1,33.3,13,6.5
Liam Clifford,145089,WR,PENN STATE,3,0.0,1,2,18.0,4.57,1,0,0.0,0.0,0,0,3,,3,0,0,266,66.6,49.6,44.3,53.2,0,0,3,1,0.0,39.6,0.0,0,1,0,0,0,0,0.0,0,0.0
Devin Mockobee,145111,HB,PURDUE,2,50.0,2,2,7.5,3.0,0,0,0.0,50.0,1,0,1,0.0,2,0,1,273,66.1,73.7,35.4,75.8,0,1,2,0,0.0,72.9,0.0,0,0,0,0,1,1,50.0,14,7.0
Cameron Friel,146195,QB,UNLV,1,0.0,1,2,2.0,3.67,0,0,0.0,0.0,0,0,1,,3,0,1,325,71.1,64.2,50.8,68.9,0,0,3,1,0.0,39.6,0.0,0,1,0,1,0,0,0.0,0,0.0
Trent Walker,146340,WR,OREGON ST,2,50.0,2,2,18.0,3.35,0,0,0.0,50.0,1,0,1,0.0,2,0,1,265,56.9,69.4,63.1,,0,0,2,0,0.0,79.2,0.0,0,0,0,0,0,0,0.0,17,8.5
Joseph Manjack IV,146413,WR,TCU,2,100.0,1,2,15.0,3.35,0,0,0.0,50.0,1,1,0,0.0,2,0,1,305,28.1,69.9,62.6,,0,0,2,4,,79.2,0.0,0,0,0,1,0,0,0.0,17,8.5
Michael Buckley,156001,WR,NEW MEXICO,3,50.0,2,2,35.0,3.35,0,2,66.7,50.0,1,0,1,0.0,2,0,1,241,74.4,58.5,91.4,,0,0,3,0,0.0,135.4,0.0,0,0,0,0,1,0,0.0,41,20.5
Omari Kelly,157048,WR,MICH STATE,1,50.0,2,2,5.0,3.4,0,0,0.0,50.0,1,0,2,0.0,2,0,1,223,48.8,66.8,65.8,52.6,0,0,2,0,0.0,70.8,0.0,0,0,0,0,0,0,0.0,13,6.5
Treyson Bourguet,158154,QB,BYU,1,50.0,2,2,25.0,2.35,0,0,0.0,50.0,1,0,1,0.0,2,0,0,128,64.4,67.6,59.8,63.5,0,0,2,0,0.0,60.4,0.0,0,0,0,0,0,0,0.0,8,4.0
OJ Arnold,158336,HB,GA SOUTHRN,2,100.0,2,2,23.0,2.9,0,0,0.0,100.0,2,0,0,0.0,2,0,2,174,69.5,86.1,86.8,89.2,0,0,2,0,,158.3,0.0,0,0,0,0,2,0,0.0,85,42.5
Dalen Cobb,158341,WR,GA SOUTHRN,3,50.0,2,2,35.5,3.93,0,0,0.0,50.0,1,0,1,0.0,3,0,1,174,40.7,61.6,51.7,64.9,0,1,3,0,100.0,56.3,33.3,1,0,0,0,0,1,33.3,44,22.0
Germie Bernard,158374,WR,ALABAMA,3,100.0,2,2,-2.5,4.6,0,0,0.0,100.0,2,0,2,0.0,4,0,2,103,78.0,71.9,52.5,73.7,0,0,4,3,50.0,97.9,25.0,1,1,0,0,0,0,0.0,15,7.5
Easton Messer,163051,WR,FAU,2,100.0,2,2,20.0,3.15,0,1,50.0,100.0,2,0,1,0.0,2,0,1,165,57.1,75.4,86.6,75.4,0,0,2,0,0.0,158.3,0.0,0,0,0,0,1,0,0.0,55,27.5
Noah Short,163220,HB,ARMY,2,100.0,2,2,32.5,3.83,0,1,50.0,100.0,2,0,2,0.0,3,0,2,114,87.2,78.6,79.7,72.9,0,0,3,3,50.0,118.8,33.3,1,0,0,0,0,0,0.0,84,42.0
Drew Dickey,163710,QB,VANDERBILT,1,50.0,2,2,21.5,3.1,0,1,50.0,50.0,1,0,0,0.0,2,0,1,333,69.6,85.5,82.1,68.0,0,0,2,0,,95.8,0.0,0,0,0,0,0,0,0.0,28,14.0
Dillon Bell,163734,WR,GEORGIA,2,0.0,1,2,13.0,3.8,0,0,0.0,0.0,0,0,1,,2,0,0,173,48.3,57.7,44.3,65.1,0,0,2,2,0.0,39.6,0.0,0,0,0,1,0,0,0.0,0,0.0
Carson Cruver,169906,QB,FAU,1,0.0,1,2,9.0,2.4,1,0,0.0,0.0,0,0,0,,2,0,0,165,61.8,27.4,27.7,,0,0,2,0,,39.6,0.0,0,0,0,0,0,1,50.0,0,0.0
Cam Vaughn,170441,WR,W VIRGINIA,2,50.0,2,2,27.5,3.85,0,0,0.0,50.0,1,0,0,0.0,2,0,1,343,39.1,66.7,65.8,59.7,0,0,2,1,,95.8,0.0,0,0,0,0,0,0,0.0,29,14.5
John Neider,171057,WR,UCONN,2,50.0,2,2,25.5,3.45,0,0,0.0,50.0,1,0,1,0.0,2,0,1,146,71.5,69.3,62.8,,0,0,2,1,0.0,114.6,0.0,0,0,0,0,1,0,0.0,15,7.5
Semaj Morgan,174043,WR,MICHIGAN,2,0.0,2,2,22.0,3.3,0,0,0.0,0.0,0,0,0,,2,0,0,222,33.2,55.7,39.1,58.0,0,0,2,1,,39.6,0.0,0,0,0,0,0,0,0.0,0,0.0
Jacob De Jesus,174068,WR,CAL,1,50.0,2,2,22.5,5.0,0,1,50.0,50.0,1,1,1,0.0,3,0,1,130,66.6,73.2,82.3,50.4,0,0,3,1,0.0,95.8,0.0,0,1,0,0,0,0,0.0,27,13.5
David Amador II,174085,WR,UTSA,5,100.0,2,2,19.0,3.14,0,0,0.0,100.0,2,0,2,0.0,5,0,2,331,61.4,71.4,79.1,53.9,0,0,5,1,50.0,158.3,20.0,1,1,0,0,2,0,0.0,25,12.5
Austin Novosad,174133,QB,OREGON,1,50.0,2,2,18.5,2.75,0,0,0.0,50.0,1,0,0,0.0,2,0,1,264,61.8,69.7,69.1,,0,0,2,0,,95.8,0.0,0,0,0,0,0,0,0.0,40,20.0
Mason Mini,175102,TE,CAL,2,100.0,2,2,20.5,3.75,0,0,0.0,100.0,2,1,2,0.0,2,0,2,130,73.2,57.4,88.0,64.5,0,0,2,4,0.0,158.3,0.0,0,0,0,0,1,0,0.0,59,29.5
Jeremy Hecklinski,183388,QB,IOWA,2,100.0,2,2,1.5,2.27,0,0,0.0,100.0,2,0,0,0.0,3,0,1,192,64.8,70.8,62.3,65.3,0,0,3,0,,83.3,0.0,0,1,0,0,0,0,0.0,8,4.0
Jadyn Davis,183683,QB,MICHIGAN,1,0.0,2,2,16.5,2.43,0,0,0.0,0.0,0,0,1,,3,0,0,222,9.4,27.5,25.0,,0,1,3,0,100.0,0.0,33.3,1,0,0,0,0,2,66.7,0,0.0
Tucker Parks,184002,QB,W KENTUCKY,1,,0,2,,5.8,0,0,0.0,0.0,0,0,1,,2,0,0,346,69.6,64.0,55.4,64.8,0,0,2,0,0.0,39.6,0.0,0,0,0,2,0,0,0.0,0,0.0
Tama Uiliata,184180,WR,HAWAII,3,50.0,2,2,19.0,3.97,0,0,0.0,50.0,1,0,1,0.0,3,0,2,180,84.5,60.6,61.9,70.2,0,0,3,3,0.0,95.8,0.0,0,1,0,0,0,0,0.0,34,17.0
JC Evans,184302,QB,JAMES MAD,2,0.0,2,2,24.0,2.6,0,0,0.0,0.0,0,0,1,,2,0,0,197,71.8,69.0,47.6,71.2,0,0,2,0,0.0,39.6,0.0,0,0,0,0,0,0,0.0,0,0.0
Mason Love,184495,K,S CAROLINA,2,50.0,2,2,4.5,1.6,0,0,0.0,50.0,1,0,0,0.0,2,0,0,289,61.8,43.8,34.3,,0,1,2,0,,25.0,0.0,0,0,0,0,0,1,50.0,10,5.0
Ryan Wingo,184520,WR,TEXAS,2,0.0,2,2,28.0,3.4,0,0,0.0,0.0,0,1,1,,2,0,0,311,75.9,70.9,49.3,68.5,0,0,2,3,0.0,39.6,0.0,0,0,0,0,0,0,0.0,0,0.0
Jackson Gutierrez,189488,HB,NAVY,2,0.0,2,2,9.0,2.33,0,0,0.0,0.0,0,0,2,,3,0,0,237,78.6,78.7,29.4,78.3,0,0,4,0,50.0,39.6,33.3,1,0,0,0,0,1,25.0,0,0.0
Mason Bray,189620,QB,ARIZONA,1,50.0,2,2,4.0,1.75,0,0,0.0,50.0,1,0,0,0.0,2,0,1,109,66.2,78.1,54.3,75.7,0,0,2,0,,89.6,0.0,0,0,0,0,0,0,0.0,22,11.0
Nate Rogers,190774,QB,UAB,5,50.0,2,2,13.5,4.08,0,0,0.0,50.0,1,0,2,0.0,4,0,1,321,16.2,46.2,51.8,52.1,0,0,5,0,0.0,56.3,0.0,0,2,0,0,0,0,0.0,0,0.0
Oscar Doyle,192649,P,BOISE ST,2,100.0,2,2,4.5,3.1,0,0,0.0,100.0,2,0,1,0.0,2,0,2,120,61.8,85.9,92.1,,0,0,2,0,0.0,150.0,0.0,0,0,0,0,1,0,0.0,21,10.5
Da'Realyst Clark,198624,WR,KENT STATE,2,100.0,2,2,16.0,4.2,0,0,0.0,100.0,2,0,1,0.0,2,0,2,201,74.5,67.0,86.2,55.9,0,0,2,0,0.0,158.3,0.0,0,0,0,0,1,0,0.0,39,19.5
Chris Jimerson Jr.,198991,QB,N TEXAS,3,50.0,2,2,23.5,5.0,0,1,33.3,50.0,1,0,2,0.0,3,0,1,251,71.1,89.1,91.5,67.8,0,0,4,0,0.0,135.4,0.0,0,1,0,0,1,0,0.0,37,18.5
Tavien St. Clair,199863,QB,OHIO STATE,1,50.0,2,2,7.0,2.7,0,0,0.0,0.0,0,0,0,100.0,2,1,0,260,61.8,50.7,49.0,,0,0,2,0,,39.6,0.0,0,0,0,0,0,0,0.0,0,0.0
Cole Geer,200287,QB,VIRGINIA,2,100.0,2,2,2.0,2.67,0,0,0.0,100.0,2,0,1,0.0,3,0,1,335,68.8,70.1,73.0,60.4,0,0,3,0,0.0,83.3,0.0,0,1,0,0,0,0,0.0,8,4.0
Trever Jackson,183303,QB,ARKANSAS,1,100.0,1,1,4.0,2.7,0,0,0.0,0.0,0,0,0,100.0,1,1,0,111,60.3,59.5,61.0,60.0,0,0,1,0,,39.6,0.0,0,0,0,0,0,0,0.0,0,0.0
Jayden Bradford,184684,QB,LIBERTY,1,100.0,1,1,6.0,2.4,0,0,0.0,100.0,1,0,0,0.0,1,0,1,206,65.9,68.8,71.5,59.7,0,0,1,0,,118.8,0.0,0,0,0,0,0,0,0.0,18,18.0
Graham Knowles,183218,QB,GA TECH,1,100.0,1,1,-5.0,1.0,0,0,0.0,100.0,1,0,0,0.0,1,0,1,176,60.3,60.6,60.4,,0,0,1,0,,158.3,0.0,0,0,0,0,1,0,0.0,84,84.0
Brady Kluse,184714,WR,MEMPHIS,1,100.0,1,1,-6.0,2.7,0,0,0.0,100.0,1,0,0,0.0,1,0,1,218,71.1,63.6,60.6,,0,0,1,1,,118.8,0.0,0,0,0,0,0,0,0.0,14,14.0
Orion Phillips,177614,P,UTAH,1,100.0,1,1,-3.0,2.0,0,0,0.0,100.0,1,0,0,0.0,1,0,1,328,60.3,60.6,60.6,,0,0,1,0,,118.8,0.0,0,0,0,0,0,0,0.0,25,25.0
Nathan Totten,176386,K,MARSHALL,1,100.0,1,1,12.0,2.1,0,0,0.0,100.0,1,0,0,0.0,1,0,1,214,60.3,70.5,75.4,,0,0,1,0,,116.7,0.0,0,0,0,0,0,0,0.0,12,12.0
AJ Maddox,184744,QB,OLE MISS,1,100.0,1,1,3.0,1.5,0,0,0.0,100.0,1,0,0,0.0,1,0,1,226,63.7,60.6,60.4,59.3,0,0,1,0,,118.8,0.0,0,0,0,0,0,0,0.0,19,19.0
Adrian Norton,176301,WR,MARSHALL,1,100.0,1,1,25.0,3.3,0,1,100.0,0.0,0,0,0,100.0,1,1,0,214,71.5,66.3,88.1,,0,0,1,1,,39.6,0.0,0,0,0,0,0,0,0.0,0,0.0
John White,184784,QB,SO MISS,1,100.0,1,1,-4.0,1.4,0,0,0.0,100.0,1,0,0,0.0,1,0,0,296,60.3,60.6,60.4,,0,0,1,0,,79.2,0.0,0,0,0,0,0,0,0.0,-1,-1.0
Randy Pittman Jr.,176195,TE,FLORIDA ST,1,100.0,1,1,8.0,2.1,0,0,0.0,100.0,1,0,1,0.0,1,0,1,167,73.8,62.2,71.7,80.0,0,0,1,3,0.0,122.9,0.0,0,0,0,0,1,0,0.0,4,4.0
Connor Moberly,184835,QB,IOWA STATE,1,,0,1,,3.3,0,0,0.0,0.0,0,0,1,,1,0,0,193,69.7,76.7,60.0,71.5,0,0,1,0,0.0,39.6,0.0,0,0,0,1,0,0,0.0,0,0.0
Ian Ratliff,176183,P,APP STATE,2,100.0,1,1,11.0,2.5,0,0,0.0,100.0,1,0,0,0.0,1,0,1,108,61.8,70.6,72.4,,0,0,2,0,,118.8,0.0,0,0,0,0,0,0,0.0,23,23.0
Duane Thomas Jr.,175797,WR,UCF,1,0.0,1,1,8.0,4.3,0,0,0.0,0.0,0,0,0,,1,0,0,323,77.9,69.0,28.7,66.7,0,1,1,1,,0.0,0.0,0,0,0,0,0,1,100.0,0,0.0
Jordan Napier,175759,WR,S DIEGO ST,1,0.0,1,1,33.0,5.1,0,0,0.0,0.0,0,0,0,,1,0,0,284,71.8,77.4,27.5,58.7,0,0,1,1,,39.6,0.0,0,0,0,0,0,1,100.0,0,0.0
Zachary Waters,175574,QB,FIU,1,100.0,1,1,-4.0,0.5,0,0,0.0,100.0,1,0,0,0.0,1,0,0,166,67.5,63.4,61.0,60.8,0,0,1,0,,100.0,0.0,0,0,0,0,0,0,0.0,8,8.0
Suderian Harrison,175436,WR,VIRGINIA,1,0.0,1,1,32.0,5.1,0,0,0.0,0.0,0,0,0,,1,0,0,335,63.7,70.1,49.9,,0,0,1,0,,39.6,0.0,0,0,0,0,0,0,0.0,0,0.0
Mark Fletcher Jr.,175374,HB,MIAMI FL,1,0.0,1,1,-3.0,2.9,0,0,0.0,0.0,0,0,1,,1,0,0,220,86.0,86.7,56.8,92.0,0,0,1,3,0.0,39.6,0.0,0,0,0,0,0,0,0.0,0,0.0
Jaxton Eck,175078,LB,NEW MEXICO,1,100.0,1,1,13.0,1.7,0,0,0.0,100.0,1,0,0,0.0,1,0,1,241,60.3,70.6,75.4,,0,0,1,0,,118.8,0.0,0,0,0,0,0,0,0.0,30,30.0
Landon Rehkow,175039,P,UTAH ST,2,100.0,1,1,0.0,2.85,0,0,0.0,100.0,1,0,1,0.0,2,0,0,329,61.8,58.9,58.3,,0,0,2,0,100.0,91.7,50.0,1,0,0,0,0,0,0.0,6,6.0
Emile Sebafundi,186490,P,COAST CAR,1,100.0,1,1,1.0,2.3,0,0,0.0,100.0,1,0,0,0.0,1,0,0,141,60.3,59.5,60.6,,0,0,1,0,,79.2,0.0,0,0,0,0,0,0,0.0,2,2.0
Terrence Smith,188214,WR,UCONN,2,0.0,1,1,31.0,3.3,0,0,0.0,0.0,0,0,0,,1,0,0,146,76.0,61.5,47.3,61.5,0,0,2,0,,39.6,0.0,0,0,0,0,0,0,0.0,0,0.0
Benjamin Brahmer,174660,TE,IOWA STATE,2,100.0,1,1,38.0,3.2,0,1,100.0,100.0,1,0,0,0.0,1,0,1,193,73.2,65.7,85.3,58.9,0,0,2,4,,118.8,0.0,0,0,0,0,0,0,0.0,45,45.0
Carter Holden,188279,K,MIAMI OH,1,0.0,1,1,6.0,2.3,0,0,0.0,0.0,0,0,1,,1,0,0,221,60.3,61.6,60.9,,0,1,1,0,0.0,0.0,0.0,0,0,0,0,0,0,0.0,0,0.0
Dominiq Ponder,174401,QB,COLORADO,1,0.0,1,1,5.0,3.3,0,0,0.0,0.0,0,0,1,,2,0,0,143,64.4,47.2,50.8,58.3,0,0,2,0,100.0,39.6,50.0,1,0,0,0,0,0,0.0,0,0.0
Mikey Matthews,174168,WR,UCLA,1,0.0,1,1,9.0,6.6,0,0,0.0,0.0,0,0,1,,1,0,0,324,57.4,58.0,45.7,57.5,0,0,1,2,0.0,39.6,0.0,0,0,0,0,0,0,0.0,0,0.0
Makai Lemon,174150,WR,USC,2,100.0,1,1,24.0,5.4,0,0,0.0,100.0,1,0,2,0.0,2,0,1,326,71.0,90.8,41.7,62.5,0,0,2,1,50.0,158.3,50.0,1,0,0,0,1,1,50.0,24,24.0
Frank Covey IV,174054,WR,NWESTERN,1,0.0,1,1,30.0,3.1,0,0,0.0,0.0,0,0,0,,1,0,0,256,63.7,48.6,49.9,,0,0,1,0,,39.6,0.0,0,0,0,0,0,0,0.0,0,0.0
Quin Smith,173880,WR,AIR FORCE,2,100.0,1,1,15.0,3.2,0,0,0.0,0.0,0,1,1,100.0,2,1,0,101,69.3,80.1,73.0,,0,0,2,2,100.0,39.6,50.0,1,0,0,0,0,0,0.0,0,0.0
Hollywood Smothers,173719,HB,NC STATE,1,100.0,1,1,-5.0,2.5,0,0,0.0,100.0,1,0,0,0.0,1,0,0,248,90.4,78.7,60.4,79.4,0,0,1,0,,79.2,0.0,0,0,0,0,0,0,0.0,-4,-4.0
Beau Sparks,173021,WR,TEXAS ST,2,100.0,1,1,18.0,3.1,0,0,0.0,100.0,1,0,0,0.0,1,0,1,314,54.4,79.5,49.2,81.5,0,0,2,3,,118.8,0.0,0,0,0,0,0,1,50.0,22,22.0
Micah Ford,188865,HB,STANFORD,1,0.0,1,1,17.0,2.5,0,0,0.0,0.0,0,0,0,,1,0,0,300,68.9,81.8,33.8,83.9,0,0,1,0,,39.6,0.0,0,0,0,0,0,1,100.0,0,0.0
Michael Valentino,189408,QB,FAU,1,0.0,1,1,27.0,1.9,0,0,0.0,0.0,0,0,0,,1,0,0,165,60.3,50.3,50.4,,0,0,1,0,,39.6,0.0,0,0,0,0,0,0,0.0,0,0.0
Isaiah Alston,121550,WR,JAMES MAD,1,0.0,1,1,33.0,3.3,0,0,0.0,0.0,0,0,0,,1,0,0,197,67.3,64.5,58.0,,0,0,1,3,,39.6,0.0,0,0,0,0,0,0,0.0,0,0.0
Nykahi Davenport,189601,HB,USF,2,100.0,1,1,33.0,4.1,0,0,0.0,100.0,1,0,1,0.0,2,0,1,327,77.1,83.9,73.4,85.7,0,0,2,0,100.0,158.3,50.0,1,0,0,0,1,0,0.0,29,29.0
Caullin Lacy,121426,WR,LOUISVILLE,1,100.0,1,1,3.0,3.0,0,0,0.0,100.0,1,0,0,0.0,1,0,1,210,85.6,66.7,73.7,64.0,0,0,1,1,,118.8,0.0,0,0,0,0,1,0,0.0,2,2.0
Reece Vander Zee,189694,WR,IOWA,1,100.0,1,1,5.0,3.1,0,0,0.0,100.0,1,0,0,0.0,1,0,1,192,69.7,79.7,73.3,,0,0,1,0,,127.1,0.0,0,0,0,0,1,0,0.0,5,5.0
Sean West,189741,K,WISCONSIN,1,100.0,1,1,8.0,2.1,0,0,0.0,100.0,1,0,0,0.0,1,0,1,349,63.7,72.4,62.2,68.0,0,0,1,0,,118.8,0.0,0,0,0,0,0,0,0.0,24,24.0
Justus Savage,189806,HB,JVILLE ST,1,0.0,1,1,38.0,3.7,0,0,0.0,0.0,0,0,1,,1,0,0,196,73.9,67.3,59.3,66.7,0,0,1,0,0.0,39.6,0.0,0,0,0,0,0,0,0.0,0,0.0
John Hoyet Chance,189821,P,LA TECH,1,0.0,1,1,10.0,1.9,0,0,0.0,0.0,0,0,0,,1,0,0,208,60.3,33.5,57.7,60.0,0,0,1,0,,39.6,0.0,0,0,0,0,0,0,0.0,0,0.0
Lynel Billups-Williams,171271,WR,MIAMI OH,1,0.0,1,1,21.0,3.2,0,0,0.0,0.0,0,0,1,,1,0,0,221,87.4,51.7,58.4,58.6,0,0,1,0,0.0,39.6,0.0,0,0,0,0,0,0,0.0,0,0.0
Jordan Faison,171081,WR,NOTRE DAME,1,100.0,1,1,13.0,3.8,0,0,0.0,100.0,1,0,0,0.0,1,0,1,258,83.3,75.7,75.4,60.0,0,0,1,1,,118.8,0.0,0,0,0,0,0,0,0.0,40,40.0
Na'eem Abdul-Rahim Gladding,190053,WR,DOMINION,1,100.0,1,1,-4.0,2.8,0,0,0.0,100.0,1,0,1,0.0,1,0,0,263,76.4,75.5,61.0,,0,0,1,1,0.0,87.5,0.0,0,0,0,0,0,0,0.0,5,5.0
Jaylen King,170801,QB,FLORIDA ST,1,,0,1,,3.2,0,0,0.0,0.0,0,0,0,,1,0,0,167,67.5,70.7,60.0,67.6,0,0,1,0,,39.6,0.0,0,0,0,1,0,0,0.0,0,0.0
Michael Grant,170336,QB,FLORIDA ST,1,100.0,1,1,-1.0,2.1,0,0,0.0,100.0,1,0,2,0.0,2,0,1,167,9.2,29.6,28.8,,0,0,2,0,50.0,118.8,50.0,1,0,0,0,0,1,50.0,14,14.0
Brandon Inniss,170255,WR,OHIO STATE,1,100.0,1,1,-2.0,4.2,0,0,0.0,100.0,1,0,0,0.0,1,0,0,260,56.7,63.4,61.0,63.9,0,0,1,1,,91.7,0.0,0,0,0,0,0,0,0.0,6,6.0
Robby Washington,170096,WR,COAST CAR,1,100.0,1,1,19.0,3.2,0,0,0.0,100.0,1,0,0,0.0,1,0,1,141,38.6,61.6,72.6,52.6,0,0,1,2,,156.3,0.0,0,0,0,0,1,0,0.0,12,12.0
Ashton Gray,190611,HB,N TEXAS,1,0.0,1,1,41.0,4.2,0,0,0.0,0.0,0,0,1,,1,0,0,251,62.3,82.2,58.0,83.8,0,0,1,1,0.0,39.6,0.0,0,0,0,0,0,0,0.0,0,0.0
Eric Singleton Jr.,170078,WR,AUBURN,1,0.0,1,1,37.0,3.1,0,0,0.0,0.0,0,0,1,,1,0,0,115,56.3,64.7,51.3,58.7,0,0,1,3,0.0,39.6,0.0,0,0,0,0,0,0,0.0,0,0.0
Que'Sean Brown,170041,WR,DUKE,2,0.0,1,1,18.0,5.1,0,0,0.0,0.0,0,0,1,,2,0,0,154,80.5,71.8,46.2,,0,0,2,1,100.0,39.6,50.0,1,0,0,0,0,0,0.0,0,0.0
Joseph Williams,190753,WR,COLORADO,1,0.0,1,1,-5.0,5.7,0,0,0.0,0.0,0,0,1,,1,0,0,143,37.9,67.7,60.4,,0,0,1,5,0.0,39.6,0.0,0,0,0,0,0,0,0.0,0,0.0
Gabe Glover,204935,WR,JVILLE ST,1,100.0,1,1,16.0,4.3,0,0,0.0,100.0,1,0,0,0.0,1,0,0,196,75.6,53.9,76.6,,0,0,1,0,,118.8,0.0,0,0,0,0,0,0,0.0,18,18.0
Jmariyae Robinson,164812,WR,MO STATE,1,0.0,1,1,-7.0,3.2,0,0,0.0,0.0,0,0,0,,1,0,0,230,76.0,67.2,53.4,55.4,0,0,1,6,,39.6,0.0,0,0,0,0,0,1,100.0,0,0.0
Shamar Rigby,190922,WR,OKLA STATE,1,100.0,1,1,25.0,3.3,0,0,0.0,100.0,1,0,0,0.0,1,0,1,262,71.1,63.7,76.6,,0,0,1,1,,158.3,0.0,0,0,0,0,1,0,0.0,63,63.0
Cade Backe,163937,P,JVILLE ST,1,100.0,1,1,2.0,3.2,0,0,0.0,100.0,1,0,0,0.0,1,0,0,196,60.3,61.0,60.6,,0,0,1,0,,87.5,0.0,0,0,0,0,0,0,0.0,5,5.0
Cameron Bates,190986,WR,BOISE ST,1,100.0,1,1,15.0,2.6,0,0,0.0,100.0,1,0,0,0.0,1,0,1,120,76.4,58.4,54.8,78.2,0,0,1,0,,118.8,0.0,0,0,0,0,0,0,0.0,15,15.0
Bryan Hansen,163324,K,COLO STATE,1,0.0,1,1,21.0,5.3,0,0,0.0,0.0,0,0,1,,1,0,0,144,,30.5,40.6,,0,0,1,0,0.0,39.6,0.0,0,0,0,0,0,1,100.0,0,0.0
Mark Konecny,163162,QB,W MICHIGAN,1,,0,1,,3.2,0,0,0.0,0.0,0,0,0,,1,0,0,347,9.1,35.7,60.0,53.7,0,0,1,0,,39.6,0.0,0,0,0,1,0,0,0.0,0,0.0
Aidan Leffler,163088,QB,BALL ST,1,0.0,1,1,6.0,1.9,0,0,0.0,0.0,0,0,0,,1,0,0,117,60.3,46.1,46.1,,0,0,1,0,,39.6,0.0,0,0,0,0,0,0,0.0,0,0.0
Chase Leon,192324,P,USF,1,0.0,1,1,13.0,3.9,0,0,0.0,0.0,0,0,0,,1,0,0,327,60.3,53.2,49.6,,0,1,1,0,,0.0,0.0,0,0,0,0,0,0,0.0,0,0.0
Andrew Burnette,205005,HB,LA TECH,1,0.0,1,1,31.0,2.6,0,0,0.0,0.0,0,0,0,,1,0,0,208,57.0,72.0,37.1,72.8,0,1,1,0,,0.0,0.0,0,0,0,0,0,1,100.0,0,0.0
JV Gibson,193295,WR,OKLAHOMA,1,100.0,1,1,7.0,4.6,0,0,0.0,100.0,1,0,1,0.0,1,0,0,261,70.3,57.0,77.7,,0,0,1,1,0.0,100.0,0.0,0,0,0,0,0,0,0.0,8,8.0
Iverson Hooks,163020,WR,UAB,2,100.0,1,1,9.0,7.45,0,0,0.0,100.0,1,0,2,0.0,2,0,1,321,62.1,82.3,77.2,57.3,0,0,2,1,0.0,118.8,0.0,0,1,0,0,0,0,0.0,17,17.0
Muaaz Byard,162971,LB,MIDDLE TN,1,100.0,1,1,-3.0,1.6,0,0,0.0,100.0,1,0,0,0.0,1,0,1,224,60.3,60.7,60.6,,0,0,1,0,,118.8,0.0,0,0,0,0,0,0,0.0,27,27.0
Octavian Smith Jr.,162805,WR,MARYLAND,1,0.0,1,1,23.0,2.9,0,0,0.0,0.0,0,1,1,,1,0,0,215,48.8,55.3,50.4,63.1,0,0,1,1,0.0,39.6,0.0,0,0,0,0,0,0,0.0,0,0.0
Eli Heidenreich,162554,FB,NAVY,1,100.0,1,1,25.0,2.7,0,1,100.0,0.0,0,0,1,100.0,1,1,0,237,85.5,92.9,87.7,86.1,0,0,1,1,0.0,39.6,0.0,0,0,0,0,0,0,0.0,0,0.0
Grady Gross,162487,K,WASHINGTON,1,0.0,1,1,9.0,2.1,0,0,0.0,0.0,0,0,1,,1,0,0,340,60.3,63.7,62.2,,0,0,1,0,0.0,39.6,0.0,0,0,0,0,0,0,0.0,0,0.0
AJ Wilson,161436,WR,UTSA,1,0.0,1,1,10.0,4.0,0,0,0.0,0.0,0,0,1,,1,0,0,331,72.2,66.3,33.8,,0,0,1,4,0.0,39.6,0.0,0,0,0,0,0,1,100.0,0,0.0
Jacquon Gibson,158762,WR,UMASS,1,100.0,1,1,5.0,3.0,0,0,0.0,100.0,1,0,0,0.0,1,0,0,216,79.2,71.0,60.4,59.7,0,0,1,1,,87.5,0.0,0,0,0,0,0,0,0.0,5,5.0
AJ Jones,158729,WR,MIDDLE TN,1,0.0,1,1,37.0,3.4,0,0,0.0,0.0,0,0,0,,1,0,0,224,71.5,53.5,37.0,,0,0,1,1,,39.6,0.0,0,0,0,0,0,1,100.0,0,0.0
Tyrell Henry,158385,WR,WISCONSIN,1,0.0,1,1,22.0,3.1,0,0,0.0,0.0,0,0,0,,1,0,0,349,83.8,62.6,50.8,59.8,0,0,1,0,,39.6,0.0,0,0,0,0,0,0,0.0,0,0.0
Gavin Freeman,158078,WR,OKLA STATE,1,0.0,1,1,-4.0,3.3,0,0,0.0,0.0,0,0,1,,1,0,0,262,55.0,66.0,56.8,70.6,0,0,1,3,0.0,39.6,0.0,0,0,0,0,0,0,0.0,0,0.0
Ashton Logan,157726,P,MIDDLE TN,1,0.0,1,1,-4.0,1.9,0,0,0.0,0.0,0,0,0,,1,0,0,224,9.1,32.7,54.4,60.0,0,0,1,0,,39.6,0.0,0,0,0,0,0,0,0.0,0,0.0
Ryan Montgomery,198473,QB,GEORGIA,1,100.0,1,1,-4.0,0.6,0,0,0.0,100.0,1,0,0,0.0,1,0,1,173,60.3,61.9,60.6,,0,0,1,0,,116.7,0.0,0,0,0,0,0,0,0.0,12,12.0
Landon Roldan,198479,WR,GEORGIA,1,100.0,1,1,11.0,3.8,0,0,0.0,100.0,1,0,0,0.0,1,0,1,173,66.0,59.1,75.4,57.5,0,0,1,0,,118.8,0.0,0,0,0,0,0,0,0.0,16,16.0
Colton Allen,157725,QB,COLORADO,1,100.0,1,1,-1.0,1.6,0,0,0.0,100.0,1,0,0,0.0,1,0,0,143,60.3,61.1,61.0,,0,0,1,0,,83.3,0.0,0,0,0,0,0,0,0.0,4,4.0
Grant Page,157692,WR,SO MISS,1,0.0,1,1,24.0,3.0,0,0,0.0,0.0,0,0,0,,1,0,0,296,60.3,46.5,50.4,,0,0,1,0,,39.6,0.0,0,0,0,0,0,0,0.0,0,0.0
Enoch Nawahine,97303,HB,BYU,1,100.0,1,1,-4.0,0.7,0,0,0.0,100.0,1,0,0,0.0,1,0,0,128,78.2,58.9,60.4,66.1,0,0,1,0,,83.3,0.0,0,0,0,0,0,0,0.0,4,4.0
Jordyn Tyson,157690,WR,ARIZONA ST,1,0.0,1,1,27.0,3.0,0,0,0.0,0.0,0,1,0,,1,0,0,110,52.7,82.9,51.9,61.3,0,0,1,2,,39.6,0.0,0,0,0,0,0,0,0.0,0,0.0
Evan Svoboda,157664,TE,WYOMING,1,0.0,1,1,8.0,1.8,0,0,0.0,0.0,0,0,0,,1,0,0,351,71.4,47.2,33.1,72.1,0,1,1,4,,0.0,0.0,0,0,0,0,0,1,100.0,0,0.0
DJ Burks,157550,S,APP STATE,1,0.0,1,1,3.0,2.5,0,0,0.0,0.0,0,0,0,,1,0,0,108,60.3,52.2,54.4,,0,0,1,1,,39.6,0.0,0,0,0,0,0,0,0.0,0,0.0
Clay Thevenin,198671,HB,LA TECH,1,100.0,1,1,-4.0,3.0,0,0,0.0,0.0,0,2,0,100.0,1,1,0,208,69.4,78.1,61.0,81.0,0,0,1,4,,39.6,0.0,0,0,0,0,0,0,0.0,0,0.0
James Ferguson-Reynolds,157204,P,OREGON,2,100.0,1,1,-1.0,1.9,0,0,0.0,100.0,1,0,0,0.0,1,0,1,264,64.4,56.7,61.5,60.0,0,0,2,0,,112.5,0.0,0,0,0,0,0,0,0.0,11,11.0
Luke Watkins,198688,WR,LA TECH,1,100.0,1,1,-6.0,2.5,0,0,0.0,100.0,1,0,1,0.0,1,0,0,208,63.7,57.8,61.0,,0,0,1,0,0.0,79.2,0.0,0,0,0,0,0,0,0.0,-5,-5.0
Brett Brown,157166,QB,MISSOURI,1,0.0,1,1,27.0,3.2,0,0,0.0,0.0,0,0,1,,1,0,0,229,63.7,69.7,60.5,63.4,0,0,1,0,0.0,39.6,0.0,0,0,0,0,0,0,0.0,0,0.0
CJ Smith,157076,WR,MEMPHIS,1,0.0,1,1,23.0,2.9,0,0,0.0,0.0,0,0,1,,1,0,0,218,63.7,43.0,37.5,57.5,0,1,1,0,0.0,0.0,0.0,0,0,0,0,0,1,100.0,0,0.0
Holden Geriner,157045,QB,TEXAS ST,1,0.0,1,1,13.0,2.4,0,0,0.0,0.0,0,0,1,,1,0,0,314,68.7,57.1,48.5,63.8,0,0,1,0,0.0,39.6,0.0,0,0,0,0,0,0,0.0,0,0.0
Stanley Anderson-Lofton,198834,QB,MIDDLE TN,1,100.0,1,1,4.0,3.0,0,0,0.0,100.0,1,0,1,0.0,2,0,0,224,66.2,60.6,50.8,65.3,0,0,2,0,100.0,112.5,50.0,1,0,0,0,0,0,0.0,11,11.0
Kendrick Law,157004,WR,KENTUCKY,1,0.0,1,1,39.0,2.7,0,0,0.0,0.0,0,1,0,,1,0,0,202,79.5,71.6,49.9,67.3,0,0,1,4,,39.6,0.0,0,0,0,0,0,0,0.0,0,0.0
Josh Burnham,156977,ED,NOTRE DAME,1,100.0,1,1,8.0,1.4,0,0,0.0,100.0,1,0,0,0.0,1,0,1,258,64.7,72.3,78.6,,0,0,1,1,,158.3,0.0,0,0,0,0,1,0,0.0,84,84.0
Evan Crenshaw,156684,P,TROY,2,100.0,1,1,-1.0,2.55,0,0,0.0,100.0,1,0,1,0.0,2,0,1,318,61.8,58.2,58.3,,0,0,2,0,100.0,112.5,50.0,1,0,0,0,0,0,0.0,11,11.0
Omari Hayes,156520,WR,TULANE,1,,0,1,,3.3,1,0,0.0,0.0,0,0,1,,1,0,0,319,83.8,83.6,60.0,,0,0,1,2,0.0,39.6,0.0,0,0,0,0,0,0,0.0,0,0.0
Teddy Hoffmann,198966,WR,NC STATE,2,100.0,1,1,21.0,5.05,0,0,0.0,100.0,1,0,1,0.0,2,0,1,248,78.3,71.3,65.7,,0,0,2,0,100.0,158.3,50.0,1,0,0,0,1,0,0.0,59,59.0
Sam Vander Haar,156357,P,BYU,1,0.0,1,1,1.0,2.3,0,0,0.0,0.0,0,0,0,,1,0,0,128,65.9,57.2,54.4,62.0,0,0,1,0,,39.6,0.0,0,0,0,0,0,0,0.0,0,0.0
Christian Neptune,206238,WR,USF,1,100.0,1,1,27.0,3.0,0,1,100.0,100.0,1,0,0,0.0,1,0,1,327,81.2,63.1,88.1,70.6,0,0,1,1,,158.3,0.0,0,0,0,0,1,0,0.0,29,29.0
Ryan Huff,199073,QB,DOMINION,1,0.0,1,1,13.0,2.0,0,0,0.0,0.0,0,0,0,,1,0,0,263,60.3,54.7,54.8,,0,0,1,0,,39.6,0.0,0,0,0,0,0,0,0.0,0,0.0
Antonio Williams,156241,WR,CLEMSON,3,100.0,1,1,32.0,4.8,0,1,100.0,100.0,1,0,1,0.0,3,0,1,140,80.7,80.3,87.3,60.9,0,0,3,0,0.0,158.3,0.0,0,2,0,0,1,0,0.0,75,75.0
Bryce Yates,199090,WR,PITTSBURGH,1,0.0,1,1,19.0,3.3,0,0,0.0,0.0,0,0,0,,1,0,0,268,68.6,71.6,47.3,,0,0,1,2,,39.6,0.0,0,0,0,0,0,0,0.0,0,0.0
Sean Ashenfelder,199125,QB,RUTGERS,1,100.0,1,1,2.0,2.3,0,0,0.0,100.0,1,0,0,0.0,1,0,1,278,63.7,57.8,60.6,58.7,0,0,1,0,,112.5,0.0,0,0,0,0,0,0,0.0,11,11.0
Jack Smith,156227,P,CLEMSON,1,0.0,1,1,20.0,1.7,0,0,0.0,0.0,0,0,0,,1,0,0,140,63.7,60.9,60.5,60.0,0,0,1,0,,39.6,0.0,0,0,0,0,0,0,0.0,0,0.0
Jacob Rodriguez,151095,LB,TEXAS TECH,1,0.0,1,1,9.0,1.5,0,0,0.0,0.0,0,0,0,,1,0,0,315,65.9,38.0,27.2,68.8,0,1,1,0,,0.0,0.0,0,0,0,0,0,1,100.0,0,0.0
Ty Hawkins,199163,QB,SMU,2,100.0,1,1,9.0,3.6,0,0,0.0,100.0,1,0,0,0.0,1,0,0,287,67.6,77.2,59.8,73.4,0,0,2,0,,104.2,0.0,0,0,0,0,0,0,0.0,9,9.0
Johnny Chaney Jr.,150871,LB,FIU,1,100.0,1,1,-5.0,0.7,0,0,0.0,100.0,1,0,0,0.0,1,0,1,166,60.3,60.5,60.6,,0,0,1,0,,116.7,0.0,0,0,0,0,0,0,0.0,12,12.0
J'Mari Taylor,150482,HB,VIRGINIA,1,100.0,1,1,7.0,2.2,0,0,0.0,100.0,1,0,0,0.0,1,0,1,335,79.7,76.1,74.4,80.3,0,0,1,1,,118.8,0.0,0,0,0,0,1,0,0.0,1,1.0
Holden Phillips,199309,QB,TEXAS TECH,1,100.0,1,1,8.0,2.4,0,0,0.0,100.0,1,0,0,0.0,1,0,1,315,67.5,68.0,71.9,58.3,0,0,1,0,,100.0,0.0,0,0,0,0,0,0,0.0,8,8.0
Myles Butler,150199,WR,MIDDLE TN,2,,0,1,,3.8,0,0,0.0,0.0,0,0,2,,2,0,0,224,27.3,66.8,55.4,,0,0,2,1,50.0,39.6,50.0,1,0,0,1,0,0,0.0,0,0.0
Agyeman Addae,199393,HB,UCF,1,100.0,1,1,1.0,1.4,0,0,0.0,100.0,1,0,0,0.0,1,0,1,323,74.6,60.1,60.6,59.0,0,0,1,0,,122.9,0.0,0,0,0,0,1,0,0.0,4,4.0
Reggie Branch II,150071,HB,MO STATE,1,100.0,1,1,1.0,3.9,0,0,0.0,100.0,1,0,1,0.0,1,0,1,230,69.9,62.0,60.6,62.3,0,0,1,0,0.0,118.8,0.0,0,0,0,0,0,0,0.0,29,29.0
Javin Whatley,149832,WR,ARIZONA,1,0.0,1,1,20.0,4.7,0,0,0.0,0.0,0,0,0,,1,0,0,109,76.5,66.6,37.9,61.0,0,1,1,1,,0.0,0.0,0,0,0,0,0,1,100.0,0,0.0
Jarris Williams,147249,HB,TROY,1,0.0,1,1,4.0,1.5,0,0,0.0,0.0,0,0,0,,1,0,0,318,76.4,51.8,55.6,59.2,0,0,1,0,,39.6,0.0,0,0,0,0,0,0,0.0,0,0.0
Steele Pizzella,199501,QB,WAKE,1,0.0,1,1,26.0,2.0,0,0,0.0,0.0,0,0,0,,1,0,0,339,65.9,73.0,50.8,72.8,0,0,1,0,,39.6,0.0,0,0,0,0,0,0,0.0,0,0.0
Tommy Lock,146875,QB,MISSOURI,1,0.0,1,1,6.0,1.7,0,0,0.0,0.0,0,0,0,,1,0,0,229,60.3,54.7,53.7,,0,0,1,0,,39.6,0.0,0,0,0,0,0,0,0.0,0,0.0
Marvis Parrish,199564,HB,W KENTUCKY,1,100.0,1,1,4.0,1.3,0,0,0.0,0.0,0,0,0,100.0,1,1,0,346,75.5,72.6,60.6,80.5,0,0,1,0,,39.6,0.0,0,0,0,0,0,0,0.0,0,0.0
Marshall Nichols,146864,P,GA TECH,1,100.0,1,1,5.0,1.9,0,0,0.0,100.0,1,0,0,0.0,1,0,0,176,60.3,53.4,54.4,,0,0,1,0,,87.5,0.0,0,0,0,0,0,0,0.0,5,5.0
RaRa Thomas,146850,WR,TROY,1,0.0,1,1,27.0,4.7,0,0,0.0,0.0,0,0,1,,1,0,0,318,45.2,69.9,24.4,65.5,0,1,1,1,0.0,0.0,0.0,0,0,0,0,0,1,100.0,0,0.0
Sam Huard,146463,QB,USC,1,100.0,1,1,9.0,2.3,0,0,0.0,100.0,1,0,0,0.0,1,0,1,326,63.7,72.7,71.5,60.0,0,0,1,0,,108.3,0.0,0,0,0,0,0,0,0.0,10,10.0
Donaven McCulley,144829,WR,MICHIGAN,1,0.0,1,1,17.0,4.1,0,0,0.0,0.0,0,0,0,,1,0,0,222,73.4,66.6,33.8,60.5,0,0,1,2,,39.6,0.0,0,0,0,0,0,1,100.0,0,0.0
RJ Garcia II,144591,WR,BOWL GREEN,1,100.0,1,1,26.0,4.0,0,1,100.0,100.0,1,0,0,0.0,1,0,1,122,72.4,66.9,88.1,75.2,0,0,1,2,,158.3,0.0,0,0,0,0,1,0,0.0,73,73.0
Christian Moss,144095,WR,KENNESAW,1,100.0,1,1,22.0,3.0,0,0,0.0,100.0,1,1,1,0.0,1,0,1,200,73.3,65.7,76.2,,0,0,1,4,0.0,158.3,0.0,0,0,0,0,1,0,0.0,13,13.0
Tay Lanier,78216,WR,COLO STATE,2,100.0,1,1,7.0,3.1,0,0,0.0,100.0,1,0,0,0.0,1,0,0,144,72.6,60.4,57.9,,0,0,2,0,,104.2,0.0,0,0,0,0,0,0,0.0,9,9.0
Tahj Bullock,144070,QB,COLO STATE,2,0.0,1,1,19.0,3.7,0,0,0.0,0.0,0,0,2,,2,0,0,144,77.0,70.4,49.0,70.7,0,0,4,0,50.0,39.6,50.0,1,0,0,0,0,0,0.0,0,0.0
Brian Rowe Jr.,199945,WR,S CAROLINA,1,100.0,1,1,12.0,3.6,0,0,0.0,100.0,1,0,0,0.0,1,0,1,289,73.1,60.7,72.6,59.9,0,0,1,1,,118.8,0.0,0,0,0,0,0,0,0.0,21,21.0
Jaden Bradley,144016,WR,UNLV,1,100.0,1,1,20.0,3.2,0,0,0.0,100.0,1,0,0,0.0,1,0,1,325,29.6,72.5,76.2,63.2,0,0,1,6,,158.3,0.0,0,0,0,0,1,0,0.0,16,16.0
Romello Brinson,143936,WR,SMU,1,0.0,1,1,4.0,5.7,0,0,0.0,0.0,0,0,1,,1,0,0,287,42.4,59.0,55.3,,0,0,1,7,0.0,39.6,0.0,0,0,0,0,0,0,0.0,0,0.0
Grant Wilson,143041,QB,INDIANA,1,100.0,1,1,5.0,1.5,0,0,0.0,100.0,1,0,0,0.0,1,0,1,190,67.5,63.7,56.1,63.8,0,0,1,0,,87.5,0.0,0,0,0,0,0,0,0.0,5,5.0
Ryan Leavy,139035,P,E CAROLINA,1,100.0,1,1,4.0,2.0,0,0,0.0,100.0,1,0,0,0.0,1,0,1,156,63.7,75.0,60.6,60.0,0,0,1,0,,118.8,0.0,0,0,0,0,0,0,0.0,17,17.0
Johntay Cook,131255,WR,SYRACUSE,1,0.0,1,1,25.0,3.7,0,0,0.0,0.0,0,1,0,,1,0,0,304,19.7,62.2,50.4,63.2,0,0,1,3,,39.6,0.0,0,0,0,0,0,0,0.0,0,0.0
Jay Ducker,130550,HB,TEMPLE,1,100.0,1,1,16.0,2.6,0,0,0.0,100.0,1,0,0,0.0,1,0,1,306,90.3,83.0,74.3,84.7,0,0,1,0,,158.3,0.0,0,0,0,0,1,0,0.0,16,16.0
Qian Magwood,130339,WR,BALL ST,1,100.0,1,1,12.0,3.1,0,0,0.0,100.0,1,0,0,0.0,1,0,1,117,73.3,59.4,75.4,63.4,0,0,1,1,,158.3,0.0,0,0,0,0,1,0,0.0,19,19.0
Terry Lockett Jr.,129625,WR,E MICHIGAN,1,0.0,1,1,19.0,3.6,0,0,0.0,0.0,0,0,1,,1,0,0,160,70.1,64.9,46.8,,0,0,1,0,0.0,39.6,0.0,0,0,0,0,0,0,0.0,0,0.0
Sebastian Brown,129607,WR,KENT STATE,2,0.0,1,1,29.0,3.6,0,0,0.0,0.0,0,0,0,,1,0,0,201,68.6,55.9,29.4,,0,1,2,0,,0.0,0.0,0,0,0,0,0,1,50.0,0,0.0
Luke Nickel,200166,QB,MIAMI FL,1,0.0,1,1,35.0,2.8,0,0,0.0,0.0,0,0,0,,1,0,0,220,60.3,50.2,49.9,,0,0,1,0,,39.6,0.0,0,0,0,0,0,0,0.0,0,0.0
Karle Lacey Jr.,208850,QB,TEXAS,1,100.0,1,1,7.0,2.0,0,0,0.0,100.0,1,0,0,0.0,1,0,0,311,60.3,62.2,61.6,,0,0,1,0,,95.8,0.0,0,0,0,0,0,0,0.0,7,7.0
Nick DeGennaro,129503,WR,JAMES MAD,1,100.0,1,1,27.0,3.7,0,0,0.0,100.0,1,0,0,0.0,2,0,1,197,72.4,64.6,77.7,57.3,0,0,2,2,,118.8,0.0,0,1,0,0,0,0,0.0,50,50.0
Ju'Juan Johnson,184458,HB,LSU,2,100.0,1,1,10.0,3.7,0,0,0.0,100.0,1,0,1,0.0,2,0,1,211,37.6,59.5,70.7,62.4,0,0,2,0,100.0,118.8,50.0,1,0,0,0,0,0,0.0,14,14.0
Linkon Cure,204094,WR,KANSAS ST,1,0.0,1,1,26.0,3.3,0,0,0.0,0.0,0,0,1,,1,0,0,199,66.4,52.0,37.5,,0,1,1,1,0.0,0.0,0.0,0,0,0,0,0,1,100.0,0,0.0
Parker Livingstone,184512,WR,TEXAS,1,100.0,1,1,6.0,3.1,0,0,0.0,100.0,1,0,0,0.0,1,0,1,311,72.2,67.9,71.7,,0,0,1,1,,122.9,0.0,0,0,0,0,1,0,0.0,4,4.0
Tyler White,127307,P,TEXAS A&M,1,0.0,1,1,17.0,2.1,0,0,0.0,0.0,0,0,0,,1,0,0,312,60.3,58.6,57.7,,0,0,1,0,,39.6,0.0,0,0,0,0,0,0,0.0,0,0.0
Daniel Hill,184536,HB,ALABAMA,1,100.0,1,1,-4.0,0.7,0,0,0.0,100.0,1,0,0,0.0,1,0,0,103,70.2,65.9,60.6,71.6,0,0,1,0,,79.2,0.0,0,0,0,0,0,0,0.0,0,0.0
Isaac Wilson,183872,QB,UTAH,1,0.0,1,1,6.0,2.55,0,0,0.0,0.0,0,0,0,,2,0,0,328,67.6,29.5,28.6,54.5,0,0,2,0,,39.6,0.0,0,1,0,0,0,1,50.0,0,0.0
Kanyon Floyd,183740,P,ARIZONA ST,1,100.0,1,1,12.0,1.5,0,0,0.0,100.0,1,0,0,0.0,1,0,1,110,60.3,75.3,75.4,,0,0,1,0,,118.8,0.0,0,0,0,0,0,0,0.0,19,19.0
Nico Ottomanelli,183576,K,SM HOUSTON,1,0.0,1,1,2.0,5.3,0,0,0.0,0.0,0,0,0,,1,0,0,281,24.0,26.8,36.1,,0,0,1,0,,39.6,0.0,0,0,0,0,0,1,100.0,0,0.0
Jordan Shipp,183338,WR,N CAROLINA,1,0.0,1,1,28.0,3.1,0,0,0.0,0.0,0,0,0,,1,0,0,245,75.4,73.1,50.8,60.6,0,0,1,2,,39.6,0.0,0,0,0,0,0,0,0.0,0,0.0
Jojo Stone,183321,WR,FIU,1,0.0,1,1,10.0,3.6,0,0,0.0,0.0,0,0,1,,1,0,0,166,73.6,80.1,54.8,57.4,0,0,1,0,0.0,39.6,0.0,0,0,0,0,0,0,0.0,0,0.0
